scenario,attr1,attr2,attr3,attr4,attr5,v_1_2,v_1_3,v_1_4,v_1_5,v_2_3,v_2_4,v_2_5,v_3_4,v_3_5,v_4_5
loose_leaf_tea,-50,48,0,0,0,0,0,0,0,0,0,0,91,0,0
cutting_board,-16,-37,-2,0,0,0,0,0,0,0,0,0,0,0,-94
knee_pads,0,0,-30,50,45,-51,0,0,0,0,0,0,0,0,0
ice_cream,0,0,39,19,48,-98,0,0,0,0,0,0,0,0,0
painters_tape,-11,0,0,0,-50,0,0,0,0,0,0,0,51,0,0
olive_pitter,-10,0,0,-48,16,0,0,0,0,-97,0,0,0,0,0
wood_burner,0,26,24,50,0,0,0,0,68,0,0,0,0,0,0
hotel,0,0,46,0,12,65,0,0,0,0,0,0,0,0,0
hot_glue_sticks,32,0,22,0,50,0,0,0,0,0,-78,0,0,0,0
scrunchie,0,0,-43,44,-16,52,0,0,0,0,0,0,0,0,0
rfid_wallet,0,50,16,0,21,0,0,-50,0,0,0,0,0,0,0
blush,38,6,50,0,0,0,0,0,0,0,0,0,0,0,79
cocktail_kit,50,20,0,28,0,0,0,0,0,0,0,0,0,-83,0
security_camera,31,-32,0,-2,0,0,0,0,0,0,0,0,0,-82,0
shuffleboard_table,-8,32,-8,0,0,0,0,0,0,0,0,0,0,0,79
reusable_bag,0,48,0,8,-50,0,52,0,0,0,0,0,0,0,0
luggage_tag,35,0,0,-50,-50,0,0,0,0,-67,0,0,0,0,0
inversion_table,-46,14,0,-50,0,0,0,0,0,0,0,0,0,-92,0
shower_curtain,0,0,-10,-39,-6,74,0,0,0,0,0,0,0,0,0
milk_storage_bags,0,50,-41,-42,0,0,0,0,51,0,0,0,0,0,0
nail_file,-30,-11,0,50,0,0,0,0,0,0,0,0,0,84,0
pasta_maker,35,50,0,20,0,0,0,0,0,0,0,0,0,-75,0
washing_machine,0,50,26,0,39,0,0,-53,0,0,0,0,0,0,0
easel,-22,0,-22,50,0,0,0,0,0,0,0,58,0,0,0
salmon,-50,38,-47,0,0,0,0,0,0,0,0,0,0,0,60
magnetic_calendar,0,40,30,14,0,0,0,0,56,0,0,0,0,0,0
ham,-37,0,-8,-38,0,0,0,0,0,0,0,82,0,0,0
snow_blower,0,-18,38,42,0,0,0,0,86,0,0,0,0,0,0
ecg_monitor,42,-24,0,26,0,0,0,0,0,0,0,0,0,93,0
dslr_camera,0,29,4,0,-50,0,0,-60,0,0,0,0,0,0,0
convertible,50,0,32,0,42,0,0,0,0,0,71,0,0,0,0
washi_tape,-44,-30,0,0,24,0,0,0,0,0,0,0,-87,0,0
dry_bag,0,-43,-50,0,40,0,0,-71,0,0,0,0,0,0,0
hair_dryer,-45,10,50,0,0,0,0,0,0,0,0,0,0,0,-67
balance_board,0,-26,0,-48,50,0,-68,0,0,0,0,0,0,0,0
hoodie,0,0,-42,-40,40,-65,0,0,0,0,0,0,0,0,0
loan,0,13,-50,0,27,0,0,-77,0,0,0,0,0,0,0
mold_test,44,0,0,44,-22,0,0,0,0,70,0,0,0,0,0
boxing_gloves,-41,0,0,-50,50,0,0,0,0,78,0,0,0,0,0
citrus_juicer,-12,-12,0,0,12,0,0,0,0,0,0,0,-66,0,0
stopwatch,-30,0,50,0,20,0,0,0,0,0,61,0,0,0,0
fins,5,-23,0,0,-26,0,0,0,0,0,0,0,-91,0,0
lip_scrub,0,-18,-29,0,-49,0,0,100,0,0,0,0,0,0,0
hoe,44,50,-25,0,0,0,0,0,0,0,0,0,0,0,-65
pilates_ring,0,42,0,-32,50,0,-90,0,0,0,0,0,0,0,0
oven,0,26,0,-3,36,0,54,0,0,0,0,0,0,0,0
sparkling_water,2,0,-44,0,-50,0,0,0,0,0,56,0,0,0,0
gas_can,28,45,0,-50,0,0,0,0,0,0,0,0,0,-99,0
golf_cart,0,50,38,50,0,0,0,0,-69,0,0,0,0,0,0
tongs,0,-50,0,24,-36,0,77,0,0,0,0,0,0,0,0
sippy_cup,7,0,50,0,-15,0,0,0,0,0,-66,0,0,0,0
windshield_cover,-2,0,45,0,-50,0,0,0,0,0,-87,0,0,0,0
console,-50,-32,44,0,0,0,0,0,0,0,0,0,0,0,-64
stapler,0,-38,-22,46,0,0,0,0,-70,0,0,0,0,0,0
jewelry_kit,-1,0,0,-16,11,0,0,0,0,-53,0,0,0,0,0
antenna,0,31,17,-16,0,0,0,0,69,0,0,0,0,0,0
house,28,50,-18,0,0,0,0,0,0,0,0,0,0,0,-57
electric_grill,0,50,8,-35,0,0,0,0,-81,0,0,0,0,0,0
tea,0,0,-22,2,-50,-66,0,0,0,0,0,0,0,0,0
lint_roller,14,-26,45,0,0,0,0,0,0,0,0,0,0,0,-78
diaper_bag,40,0,40,50,0,0,0,0,0,0,0,-70,0,0,0
sponges,-10,22,0,-50,0,0,0,0,0,0,0,0,0,57,0
popcorn,18,-24,0,6,0,0,0,0,0,0,0,0,0,87,0
recliner,-50,0,0,35,-30,0,0,0,0,-84,0,0,0,0,0
arrows,0,-28,38,0,-8,0,0,81,0,0,0,0,0,0,0
pattern_weights,0,-50,0,50,-39,0,-57,0,0,0,0,0,0,0,0
wheelbarrow,0,-50,-21,0,23,0,0,-82,0,0,0,0,0,0,0
soil,-20,0,-10,0,42,0,0,0,0,0,-57,0,0,0,0
sleeping_bag,-10,-9,-34,0,0,0,0,0,0,0,0,0,0,0,57
paper_towel,15,-12,-30,0,0,0,0,0,0,0,0,0,0,0,-79
outdoor_tv_cover,0,2,45,0,50,0,0,89,0,0,0,0,0,0,0
tamper,28,0,4,30,0,0,0,0,0,0,0,89,0,0,0
garment_steamer,0,30,50,32,0,0,0,0,90,0,0,0,0,0,0
alcohol_markers,-50,0,0,29,-10,0,0,0,0,-99,0,0,0,0,0
rabbit,-44,0,-50,42,0,0,0,0,0,0,0,59,0,0,0
bracelet,0,-36,0,2,-34,0,54,0,0,0,0,0,0,0,0
adapter,0,16,0,0,46,0,90,0,0,0,0,0,0,0,0
night_light,24,0,0,-38,50,0,0,0,0,-54,0,0,0,0,0
travel_wallet,0,0,20,-4,7,-69,0,0,0,0,0,0,0,0,0
central_vacuum,0,34,50,-36,0,0,0,0,85,0,0,0,0,0,0
microwave_cover,-21,0,0,23,45,0,0,0,0,-92,0,0,0,0,0
porch_swing,0,42,13,-20,0,0,0,0,62,0,0,0,0,0,0
stability_ball,0,27,44,0,10,0,0,79,0,0,0,0,0,0,0
ink_cartridge,4,0,-50,30,0,0,0,0,0,0,0,-57,0,0,0
wood_glue,28,28,0,0,-13,0,0,0,0,0,0,0,-61,0,0
sleep_sack,-48,32,0,0,19,0,0,0,0,0,0,0,71,0,0
mixer,0,-34,18,-50,0,0,0,0,78,0,0,0,0,0,0
dominoes,-18,-50,-40,0,0,0,0,0,0,0,0,0,0,0,63
crochet_hook,0,-31,0,-50,-37,0,-50,0,0,0,0,0,0,0,0
sawhorse,0,50,-25,-16,0,0,0,0,60,0,0,0,0,0,0
stockings,0,26,-36,0,-50,0,0,-86,0,0,0,0,0,0,0
fabric_markers,0,0,-4,42,50,-83,0,0,0,0,0,0,0,0,0
cherry_pitter,0,0,-25,-42,-44,90,0,0,0,0,0,0,0,0,0
amusement_park,-50,0,43,0,-7,0,0,0,0,0,66,0,0,0,0
snow_brush,16,0,-50,0,10,0,0,0,0,0,88,0,0,0,0
safety_pins,21,14,0,43,0,0,0,0,0,0,0,0,0,-95,0
sewing_machine,0,-10,0,28,32,0,61,0,0,0,0,0,0,0,0
pressure_cooker,0,0,44,37,37,-82,0,0,0,0,0,0,0,0,0
necklace_stand,-3,-14,0,0,3,0,0,0,0,0,0,0,-75,0,0
soccer_ball,33,0,0,30,-29,0,0,0,0,55,0,0,0,0,0
cake_pan,-22,0,0,-27,26,0,0,0,0,57,0,0,0,0,0
pin_cushion,50,0,-10,0,8,0,0,0,0,0,82,0,0,0,0
sugar_bowl,31,50,0,0,16,0,0,0,0,0,0,0,-68,0,0
microwave,0,-50,-18,0,-15,0,0,-52,0,0,0,0,0,0,0
water_heater,-34,0,0,-14,-30,0,0,0,0,97,0,0,0,0,0
wallpaper,30,0,3,0,50,0,0,0,0,0,86,0,0,0,0
flip_flops,-45,0,-2,43,0,0,0,0,0,0,0,-87,0,0,0
paint,0,-37,2,8,0,0,0,0,73,0,0,0,0,0,0
chair,50,0,-13,0,10,0,0,0,0,0,-51,0,0,0,0
grill_brush,-43,0,8,50,0,0,0,0,0,0,0,-56,0,0,0
disc_drive,50,19,22,0,0,0,0,0,0,0,0,0,0,0,-54
high_chair,44,-42,50,0,0,0,0,0,0,0,0,0,0,0,81
game_mat,0,-28,50,12,0,0,0,0,78,0,0,0,0,0,0
museum,20,0,0,34,26,0,0,0,0,62,0,0,0,0,0
tennis_racquet,-50,4,-12,0,0,0,0,0,0,0,0,0,0,0,52
terrarium,0,0,-50,46,20,-69,0,0,0,0,0,0,0,0,0
hammock_stand,2,50,0,28,0,0,0,0,0,0,0,0,0,83,0
electric_kettle,-10,50,48,0,0,0,0,0,0,0,0,0,0,0,78
steam_mop,0,0,9,0,50,0,0,90,0,0,0,0,0,0,0
faucet,-50,0,0,-48,-8,0,0,0,0,-55,0,0,0,0,0
gold_necklace,50,0,-14,0,35,0,0,0,0,0,99,0,0,0,0
bocce_set,0,0,-50,-19,-11,-66,0,0,0,0,0,0,0,0,0
panini_press,-14,-42,0,50,0,0,0,0,0,0,0,0,0,97,0
rolling_pin,-10,-28,0,0,-34,0,0,0,0,0,0,0,95,0,0
cpu_cooler,0,-50,0,-40,26,0,59,0,0,0,0,0,0,0,0
model_scenery,0,50,0,24,37,0,89,0,0,0,0,0,0,0,0
soda_siphon,0,-50,0,-8,-50,0,92,0,0,0,0,0,0,0,0
loveseat,0,0,18,-32,31,-93,0,0,0,0,0,0,0,0,0
egg_carton,19,48,0,0,24,0,0,0,0,0,0,0,57,0,0
receiving_blanket,0,-3,-50,0,29,0,0,76,0,0,0,0,0,0,0
candlestick_holder,28,50,0,42,0,0,0,0,0,0,0,0,0,-100,0
radon_test,26,0,-2,0,50,0,0,0,0,0,53,0,0,0,0
wheelchair,6,0,0,50,-40,0,0,0,0,95,0,0,0,0,0
pizza_cutter,0,0,-34,-13,18,-76,0,0,0,0,0,0,0,0,0
leather_dye,-50,-4,-42,0,0,0,0,0,0,0,0,0,0,0,65
voip_phone,-22,14,0,50,0,0,0,0,0,0,0,0,0,-53,0
displayport_cable,0,3,-38,26,0,0,0,0,89,0,0,0,0,0,0
stool,0,-23,0,-48,-32,0,-86,0,0,0,0,0,0,0,0
croquet_set,-42,0,0,0,21,0,0,0,0,70,0,0,0,0,0
water_purifier,0,-48,-20,12,0,0,0,0,93,0,0,0,0,0,0
bias_tape_maker,0,50,0,30,-16,0,72,0,0,0,0,0,0,0,0
embroidery_floss,0,-27,0,20,-50,0,-96,0,0,0,0,0,0,0,0
sweater,0,-20,0,3,-14,0,-75,0,0,0,0,0,0,0,0
sculpture,0,0,24,-50,-21,57,0,0,0,0,0,0,0,0,0
air_freshener,-22,0,0,50,16,0,0,0,0,55,0,0,0,0,0
loafers,50,0,8,18,0,0,0,0,0,0,0,64,0,0,0
reading_magnifier,0,6,-50,1,0,0,0,0,67,0,0,0,0,0,0
beads,9,0,-46,6,0,0,0,0,0,0,0,-97,0,0,0
fax_machine,-18,22,0,6,0,0,0,0,0,0,0,0,0,-89,0
blanket,0,22,-42,50,0,0,0,0,99,0,0,0,0,0,0
sheets,-21,50,0,0,-15,0,0,0,0,0,0,0,57,0,0
hammock,0,0,-22,20,14,-91,0,0,0,0,0,0,0,0,0
card_sleeves,-39,0,47,-42,0,0,0,0,0,0,0,67,0,0,0
diamond_earrings,0,0,12,-50,-4,-52,0,0,0,0,0,0,0,0,0
clay,50,13,4,0,0,0,0,0,0,0,0,0,0,0,80
roasting_pan,50,0,48,0,10,0,0,0,0,0,-57,0,0,0,0
keyboard,0,0,-22,46,-18,76,0,0,0,0,0,0,0,0,0
hair_extensions,-20,-32,50,0,0,0,0,0,0,0,0,0,0,0,-53
envelope,-20,0,2,0,16,0,0,0,0,0,-87,0,0,0,0
laptop_sleeve,0,42,-12,35,0,0,0,0,-65,0,0,0,0,0,0
3d_printer,-18,50,0,0,-4,0,0,0,0,0,0,0,81,0,0
egg_separator,0,18,0,-8,-12,0,67,0,0,0,0,0,0,0,0
cereal,0,-37,0,-42,-50,0,-79,0,0,0,0,0,0,0,0
wind_turbine,38,24,0,-30,0,0,0,0,0,0,0,0,0,-66,0
ereader,-50,-10,0,24,0,0,0,0,0,0,0,0,0,50,0
water,0,-36,-12,-50,0,0,0,0,-99,0,0,0,0,0,0
plastic_wrap,0,6,-36,-13,0,0,0,0,65,0,0,0,0,0,0
frying_pan,34,50,0,23,0,0,0,0,0,0,0,0,0,-65,0
mod_podge,0,-4,0,-50,-46,0,52,0,0,0,0,0,0,0,0
smart_lock,49,0,0,46,-20,0,0,0,0,60,0,0,0,0,0
briefs,10,50,0,0,4,0,0,0,0,0,0,0,85,0,0
skincare_device,-50,0,-16,0,48,0,0,0,0,0,-66,0,0,0,0
coloring_book,10,0,40,0,34,0,0,0,0,0,-66,0,0,0,0
treadmill,0,-22,-32,0,-50,0,0,64,0,0,0,0,0,0,0
cabinet,0,50,6,-50,0,0,0,0,-85,0,0,0,0,0,0
lug_wrench,0,0,-48,50,-40,-97,0,0,0,0,0,0,0,0,0
mechanical_keyboard,-13,-12,0,14,0,0,0,0,0,0,0,0,0,-65,0
coffee_mug,0,-50,-42,0,-14,0,0,-69,0,0,0,0,0,0,0
badge_maker,0,-18,4,-50,0,0,0,0,51,0,0,0,0,0,0
suitcase,-34,0,0,18,41,0,0,0,0,-53,0,0,0,0,0
mobile,0,-20,0,50,14,0,-77,0,0,0,0,0,0,0,0
dish_towel,0,-34,-38,1,0,0,0,0,92,0,0,0,0,0,0
pizza_peel,0,-37,0,-24,-50,0,-98,0,0,0,0,0,0,0,0
mittens,0,18,5,0,-50,0,0,-76,0,0,0,0,0,0,0
ice_tray,0,28,-8,0,-43,0,0,-85,0,0,0,0,0,0,0
aeropress,-50,0,-1,0,24,0,0,0,0,0,-56,0,0,0,0
milk,0,29,41,0,-37,0,0,-82,0,0,0,0,0,0,0
laser_cutter,0,-26,0,30,16,0,53,0,0,0,0,0,0,0,0
account,-5,0,0,-44,50,0,0,0,0,52,0,0,0,0,0
minor,10,0,42,8,0,0,0,0,0,0,0,75,0,0,0
batteries,-25,-16,0,0,48,0,0,0,0,0,0,0,-77,0,0
cradle,-33,0,0,16,10,0,0,0,0,-88,0,0,0,0,0
cabin,29,28,-8,0,0,0,0,0,0,0,0,0,0,0,-52
all_in_one_printer,8,-50,0,-17,0,0,0,0,0,0,0,0,0,-90,0
card_game,-15,0,46,0,4,0,0,0,0,0,-60,0,0,0,0
cardigan,50,0,-43,10,0,0,0,0,0,0,0,82,0,0,0
ear_drops,0,-29,0,-50,-28,0,-100,0,0,0,0,0,0,0,0
epsom_salt,0,50,0,8,12,0,-67,0,0,0,0,0,0,0,0
pizza,0,-50,0,19,-36,0,96,0,0,0,0,0,0,0,0
landscape_lighting,-2,25,0,39,0,0,0,0,0,0,0,0,0,-85,0
litter_box,-22,0,42,0,-7,0,0,0,0,0,-51,0,0,0,0
medical_alert_bracelet,50,-8,0,6,0,0,0,0,0,0,0,0,0,61,0
chandelier,0,-32,0,-39,9,0,79,0,0,0,0,0,0,0,0
serving_tray,-32,0,50,0,50,0,0,0,0,0,-90,0,0,0,0
sunshade,0,0,-48,-25,6,-98,0,0,0,0,0,0,0,0,0
heated_jacket,44,2,0,0,-34,0,0,0,0,0,0,0,65,0,0
scuba_tank,0,-21,-18,0,-50,0,0,-93,0,0,0,0,0,0,0
chopsticks,14,50,0,0,-15,0,0,0,0,0,0,0,-56,0,0
whipped_cream_dispenser,23,12,18,0,0,0,0,0,0,0,0,0,0,0,71
dip,-47,-9,22,0,0,0,0,0,0,0,0,0,0,0,88
watercolor_paper,26,0,0,-7,-4,0,0,0,0,86,0,0,0,0,0
rv,0,0,4,-25,-50,79,0,0,0,0,0,0,0,0,0
lightning_cable,0,-32,-6,0,50,0,0,77,0,0,0,0,0,0,0
flyer,-50,-44,0,46,0,0,0,0,0,0,0,0,0,-69,0
condo,0,0,-26,50,43,-95,0,0,0,0,0,0,0,0,0
jigsaw_puzzle,-43,0,0,15,-38,0,0,0,0,88,0,0,0,0,0
facial_hair_remover,-17,-50,0,20,0,0,0,0,0,0,0,0,0,69,0
parchment_paper,0,-11,0,-6,50,0,-76,0,0,0,0,0,0,0,0
bear_bag,50,0,14,15,0,0,0,0,0,0,0,63,0,0,0
emergency_food,28,0,0,50,-32,0,0,0,0,81,0,0,0,0,0
swim_cap,-34,-36,0,-6,0,0,0,0,0,0,0,0,0,70,0
stretcher_bars,50,0,16,36,0,0,0,0,0,0,0,-69,0,0,0
knife,33,0,0,-36,14,0,0,0,0,73,0,0,0,0,0
smoothie,32,0,0,2,-38,0,0,0,0,-54,0,0,0,0,0
sneakers,0,0,-8,22,-50,-52,0,0,0,0,0,0,0,0,0
gps,0,-17,-49,-50,0,0,0,0,68,0,0,0,0,0,0
egg_slicer,0,0,50,-41,-14,-85,0,0,0,0,0,0,0,0,0
camping_stove,22,-50,0,-41,0,0,0,0,0,0,0,0,0,-98,0
blender,-36,0,-22,0,-50,0,0,0,0,0,-54,0,0,0,0
heated_blanket,36,-38,-50,0,0,0,0,0,0,0,0,0,0,0,-78
speakers,0,-30,0,-50,-50,0,-100,0,0,0,0,0,0,0,0
mask,0,-45,-34,-40,0,0,0,0,-96,0,0,0,0,0,0
vacuum,-33,-41,-20,0,0,0,0,0,0,0,0,0,0,0,93
rotary_cutter,0,-10,-34,0,50,0,0,-65,0,0,0,0,0,0,0
grill_cover,-50,0,45,0,49,0,0,0,0,0,76,0,0,0,0
wetsuit,0,-16,-11,0,-50,0,0,60,0,0,0,0,0,0,0
air_hockey_table,0,-50,6,0,-44,0,0,-60,0,0,0,0,0,0,0
action_figures,-50,14,0,0,-39,0,0,0,0,0,0,0,54,0,0
projector_screen,-8,0,46,0,42,0,0,0,0,0,-93,0,0,0,0
cold_brew_maker,-32,0,50,0,-32,0,0,0,0,0,82,0,0,0,0
facial_toner,50,0,40,0,36,0,0,0,0,0,91,0,0,0,0
kitchen_timer,0,48,-50,-24,0,0,0,0,-65,0,0,0,0,0,0
pedometer,0,-29,10,-38,0,0,0,0,94,0,0,0,0,0,0
ice_scraper,7,0,0,-29,0,0,0,0,0,-60,0,0,0,0,0
silicone_mat,-34,-24,0,50,0,0,0,0,0,0,0,0,0,78,0
bikini,0,-8,0,-50,-23,0,63,0,0,0,0,0,0,0,0
credit_card,0,-38,28,0,-2,0,0,-100,0,0,0,0,0,0,0
dna_test_kit,0,14,22,44,0,0,0,0,60,0,0,0,0,0,0
down_jacket,8,0,18,0,-50,0,0,0,0,0,85,0,0,0,0
dryer,0,-48,0,6,-40,0,92,0,0,0,0,0,0,0,0
waterproof_socks,24,7,50,0,0,0,0,0,0,0,0,0,0,0,-80
cordless_phone,-16,0,-24,0,15,0,0,0,0,0,-61,0,0,0,0
shaving_cream,50,-34,0,0,45,0,0,0,0,0,0,0,50,0,0
car_jack,0,15,-50,-8,0,0,0,0,72,0,0,0,0,0,0
stylus,0,41,-1,0,-46,0,0,59,0,0,0,0,0,0,0
yoga_mat,-20,0,3,9,0,0,0,0,0,0,0,59,0,0,0
wedges,0,50,0,24,-27,0,-83,0,0,0,0,0,0,0,0
tampon,1,8,24,0,0,0,0,0,0,0,0,0,0,0,75
hamster,-50,6,6,0,0,0,0,0,0,0,0,0,0,0,53
slippers,50,-20,0,-38,0,0,0,0,0,0,0,0,0,55,0
flashlight_app,0,0,-36,-42,50,86,0,0,0,0,0,0,0,0,0
turkish_pot,-26,50,11,0,0,0,0,0,0,0,0,0,0,0,-78
visor,16,0,0,50,-38,0,0,0,0,-60,0,0,0,0,0
skillet,-20,-39,0,14,0,0,0,0,0,0,0,0,0,79,0
garlic_press,-4,6,-36,0,0,0,0,0,0,0,0,0,0,0,-68
spice_jars,28,29,0,-26,0,0,0,0,0,0,0,0,0,-89,0
bagel,0,-6,0,-18,-38,0,-56,0,0,0,0,0,0,0,0
messenger_bag,6,-50,-14,0,0,0,0,0,0,0,0,0,0,0,-87
reusable_filter,0,50,-6,0,44,0,0,61,0,0,0,0,0,0,0
baby_gate,40,-50,0,18,0,0,0,0,0,0,0,0,0,-78,0
lunch,39,-6,0,0,-50,0,0,0,0,0,0,0,76,0,0
pathway_lights,-5,1,-50,0,0,0,0,0,0,0,0,0,0,0,82
blood_pressure_monitor,0,-38,50,12,0,0,0,0,91,0,0,0,0,0,0
gesso,42,0,-44,0,-39,0,0,0,0,0,67,0,0,0,0
file_cabinet,-24,-26,50,0,0,0,0,0,0,0,0,0,0,0,70
car,0,-26,0,-40,-44,0,-84,0,0,0,0,0,0,0,0
sewing_scissors,-18,0,0,0,44,0,0,0,0,0,85,0,0,0,0
pad,0,-18,-8,-50,0,0,0,0,-65,0,0,0,0,0,0
lifebuoy,4,40,48,0,0,0,0,0,0,0,0,0,0,0,-71
wireless_mouse,-8,0,-15,10,0,0,0,0,0,0,0,-100,0,0,0
video_game,40,0,41,-19,0,0,0,0,0,0,0,-50,0,0,0
windbreaker,0,44,50,12,0,0,0,0,-54,0,0,0,0,0,0
chips,0,0,-36,46,-50,55,0,0,0,0,0,0,0,0,0
solar_garden_lights,0,50,-43,0,35,0,0,59,0,0,0,0,0,0,0
rc_boat,-14,0,0,50,2,0,0,0,0,-62,0,0,0,0,0
hostel,-36,50,-36,0,0,0,0,0,0,0,0,0,0,0,-77
dice_tower,0,-22,40,0,-25,0,0,-72,0,0,0,0,0,0,0
toothpaste,0,-30,0,10,-50,0,-84,0,0,0,0,0,0,0,0
hepa_filter,-3,0,-30,0,-22,0,0,0,0,0,-74,0,0,0,0
quilting_needles,0,0,50,28,-38,52,0,0,0,0,0,0,0,0,0
usb_flash_drive,0,2,0,-46,36,0,71,0,0,0,0,0,0,0,0
stationary_bike,-40,0,0,2,16,0,0,0,0,-77,0,0,0,0,0
external_hard_drive,-26,-30,0,-18,0,0,0,0,0,0,0,0,0,-62,0
portable_purifier,-46,-28,-50,0,0,0,0,0,0,0,0,0,0,0,86
turkey,-44,0,0,3,-50,0,0,0,0,58,0,0,0,0,0
inverter,44,24,20,0,0,0,0,0,0,0,0,0,0,0,-82
painting,0,50,6,22,0,0,0,0,-77,0,0,0,0,0,0
clipper,0,0,-14,-37,-50,54,0,0,0,0,0,0,0,0,0
magnetic_charging_cable,26,50,0,-42,0,0,0,0,0,0,0,0,0,-58,0
hiking_boots,4,0,50,16,0,0,0,0,0,0,0,-83,0,0,0
mouth_guard,-16,44,-24,0,0,0,0,0,0,0,0,0,0,0,56
goggles,0,-48,0,-48,19,0,-82,0,0,0,0,0,0,0,0
nose_clip,-8,0,-44,-2,0,0,0,0,0,0,0,75,0,0,0
matcha_powder,0,18,-50,44,0,0,0,0,70,0,0,0,0,0,0
cup,30,50,0,0,2,0,0,0,0,0,0,0,68,0,0
emergency_radio,14,0,2,25,0,0,0,0,0,0,0,80,0,0,0
contacts,0,-28,0,50,0,0,66,0,0,0,0,0,0,0,0
reflective_triangle,36,-20,0,39,0,0,0,0,0,0,0,0,0,-79,0
wakeboard,0,-6,28,0,5,0,0,-84,0,0,0,0,0,0,0
splatter_screen,-48,0,0,46,-35,0,0,0,0,-86,0,0,0,0,0
fog_light,-12,-50,-22,0,0,0,0,0,0,0,0,0,0,0,55
umbrella,0,0,14,28,-50,-52,0,0,0,0,0,0,0,0,0
camera,0,4,33,-39,0,0,0,0,-55,0,0,0,0,0,0
wine_glass,0,0,0,-8,14,0,0,0,0,-54,0,0,0,0,0
thermal_socks,37,0,0,-50,12,0,0,0,0,77,0,0,0,0,0
chalkboard,-7,0,-34,28,0,0,0,0,0,0,0,72,0,0,0
disposable_cups,0,0,-40,-36,-31,54,0,0,0,0,0,0,0,0,0
cotton_swabs,50,-24,0,-33,0,0,0,0,0,0,0,0,0,56,0
ice_cream_maker,-2,0,0,13,-3,0,0,0,0,63,0,0,0,0,0
garden_swing,32,20,0,0,29,0,0,0,0,0,0,0,-58,0,0
gym_bag,0,-1,-50,-26,0,0,0,0,56,0,0,0,0,0,0
robot_vacuum,-32,-1,-50,0,0,0,0,0,0,0,0,0,0,0,75
tshirt,0,-9,28,0,50,0,0,58,0,0,0,0,0,0,0
bench,-50,-12,0,0,11,0,0,0,0,0,0,0,66,0,0
hand_crank_light,1,30,0,50,0,0,0,0,0,0,0,0,0,93,0
sewing_pins,42,-50,0,0,28,0,0,0,0,0,0,0,98,0,0
usb_splitter,-49,-44,0,0,-14,0,0,0,0,0,0,0,-99,0,0
eye_mask,0,0,-1,36,-28,53,0,0,0,0,0,0,0,0,0
motion_sensor_light,-10,-50,21,0,0,0,0,0,0,0,0,0,0,0,-72
album,0,-50,0,10,-17,0,89,0,0,0,0,0,0,0,0
outdoor_ping_pong,-18,-22,0,50,0,0,0,0,0,0,0,0,0,-70,0
batting,10,0,0,20,-20,0,0,0,0,95,0,0,0,0,0
bronzer,0,-50,-2,0,29,0,0,-60,0,0,0,0,0,0,0
rc_car,-44,-11,-39,0,0,0,0,0,0,0,0,0,0,0,-70
jewelry_cleaner,0,30,0,-8,-14,0,99,0,0,0,0,0,0,0,0
security_floodlight,0,24,0,50,-9,0,-54,0,0,0,0,0,0,0,0
squat_rack,42,-50,-5,0,0,0,0,0,0,0,0,0,0,0,-79
soap,-7,0,0,-20,2,0,0,0,0,66,0,0,0,0,0
vest,46,-26,0,0,14,0,0,0,0,0,0,0,-63,0,0
bean_bag,0,-6,-23,-30,0,0,0,0,-62,0,0,0,0,0,0
solar_shower,14,-38,0,0,50,0,0,0,0,0,0,0,-85,0,0
paternity_test,0,-2,34,0,-50,0,0,-51,0,0,0,0,0,0,0
watch_case,50,0,10,2,0,0,0,0,0,0,0,-84,0,0,0
silver_necklace,-30,-32,0,50,0,0,0,0,0,0,0,0,0,67,0
engagement_ring,-50,32,0,-44,0,0,0,0,0,0,0,0,0,-83,0
toe_warmers,-50,-20,-32,0,0,0,0,0,0,0,0,0,0,0,82
glucose_meter,44,0,22,-42,0,0,0,0,0,0,0,87,0,0,0
kayak,0,0,22,50,45,62,0,0,0,0,0,0,0,0,0
garden_hose,0,31,50,0,-38,0,0,-92,0,0,0,0,0,0,0
rollerblades,0,0,-50,31,35,80,0,0,0,0,0,0,0,0,0
smoke_detector,0,48,0,-4,18,0,64,0,0,0,0,0,0,0,0
processor,-50,-18,-3,0,0,0,0,0,0,0,0,0,0,0,-78
headband,-40,-16,-19,0,0,0,0,0,0,0,0,0,0,0,-61
corn_stripper,22,12,36,0,0,0,0,0,0,0,0,0,0,0,53
ski_boots,0,-4,-41,16,0,0,0,0,72,0,0,0,0,0,0
storage_bags,2,50,23,0,0,0,0,0,0,0,0,0,0,0,58
clipboard,14,0,-36,-11,0,0,0,0,0,0,0,-82,0,0,0
hairspray,0,-22,-50,0,13,0,0,-68,0,0,0,0,0,0,0
resort,36,-50,0,0,42,0,0,0,0,0,0,0,92,0,0
pastry_brush,0,0,7,7,50,-51,0,0,0,0,0,0,0,0,0
measuring_cups,-34,0,-50,0,34,0,0,0,0,0,-79,0,0,0,0
first_aid_kit,0,0,50,-16,37,-78,0,0,0,0,0,0,0,0,0
walker,0,-11,50,0,-10,0,0,50,0,0,0,0,0,0,0
window_covering,-5,0,0,-50,-8,0,0,0,0,62,0,0,0,0,0
paint_brush,50,0,0,-13,2,0,0,0,0,71,0,0,0,0,0
hand_soap,7,0,-3,24,0,0,0,0,0,0,0,-84,0,0,0
mouse_pad,1,1,0,0,50,0,0,0,0,0,0,0,72,0,0
trunk_organizer,50,-5,0,-14,0,0,0,0,0,0,0,0,0,-66,0
tent,-50,16,-24,0,0,0,0,0,0,0,0,0,0,0,81
snack,0,33,-40,0,-12,0,0,-56,0,0,0,0,0,0,0
cocktail_shaker,-4,24,0,-50,0,0,0,0,0,0,0,0,0,97,0
smart_light_switch,39,0,-17,-44,0,0,0,0,0,0,0,68,0,0,0
cologne,-50,0,-7,-18,0,0,0,0,0,0,0,61,0,0,0
snorkel,-38,-48,50,0,0,0,0,0,0,0,0,0,0,0,86
tights,48,-39,0,50,0,0,0,0,0,0,0,0,0,-80,0
lawnmower,0,-30,13,46,0,0,0,0,60,0,0,0,0,0,0
trekking_poles,0,0,-14,-2,28,-51,0,0,0,0,0,0,0,0,0
toolbox,-16,0,50,-7,0,0,0,0,0,0,0,80,0,0,0
obd_scanner,48,-50,0,33,0,0,0,0,0,0,0,0,0,61,0
baby_lotion,-47,-50,0,-35,0,0,0,0,0,0,0,0,0,94,0
brochure,50,0,-25,-12,0,0,0,0,0,0,0,65,0,0,0
drawing_tablet,-50,0,-42,12,0,0,0,0,0,0,0,-68,0,0,0
heels,-16,0,44,0,12,0,0,0,0,0,-98,0,0,0,0
elbow_pads,0,0,26,-12,50,93,0,0,0,0,0,0,0,0,0
water_container,0,0,-12,-47,8,-99,0,0,0,0,0,0,0,0,0
nightgown,0,-10,50,0,25,0,0,83,0,0,0,0,0,0,0
loft,35,0,0,50,-6,0,0,0,0,97,0,0,0,0,0
model_train_tracks,0,32,-12,0,-10,0,0,60,0,0,0,0,0,0,0
raincoat,0,8,46,0,50,0,0,-88,0,0,0,0,0,0,0
lubricant,10,0,0,-1,-50,0,0,0,0,-90,0,0,0,0,0
radar_detector,0,-12,0,50,50,0,59,0,0,0,0,0,0,0,0
swim_fins,0,31,0,-46,34,0,-87,0,0,0,0,0,0,0,0
ski_goggles,18,0,-10,34,0,0,0,0,0,0,0,-60,0,0,0
hand_warmers,4,-1,50,0,0,0,0,0,0,0,0,0,0,0,82
plate,0,0,-38,4,-50,-86,0,0,0,0,0,0,0,0,0
garment_bag,-20,-5,0,16,0,0,0,0,0,0,0,0,0,87,0
wax_paper,0,50,32,-4,0,0,0,0,91,0,0,0,0,0,0
rv_generator,18,-40,0,0,-50,0,0,0,0,0,0,0,-77,0,0
briefcase,40,0,-50,0,42,0,0,0,0,0,-85,0,0,0,0
potty_chair,0,17,-40,0,-21,0,0,92,0,0,0,0,0,0,0
swim_goggles,-20,50,0,-31,0,0,0,0,0,0,0,0,0,62,0
suv,0,0,24,-13,-26,99,0,0,0,0,0,0,0,0,0
lizard,0,-11,0,2,50,0,-56,0,0,0,0,0,0,0,0
floor_cushion,0,-50,24,45,0,0,0,0,-63,0,0,0,0,0,0
ice_melt,0,50,-26,0,10,0,0,-64,0,0,0,0,0,0,0
concealer,0,-3,50,0,-28,0,0,-66,0,0,0,0,0,0,0
streaming_device,0,-28,-8,-14,0,0,0,0,-50,0,0,0,0,0,0
baseball,50,-18,-20,0,0,0,0,0,0,0,0,0,0,0,75
steak,30,0,-18,-50,0,0,0,0,0,0,0,-89,0,0,0
suite,0,0,-23,-50,10,-89,0,0,0,0,0,0,0,0,0
whiteboard_eraser,36,39,5,0,0,0,0,0,0,0,0,0,0,0,-54
face_serum,-12,0,-36,50,0,0,0,0,0,0,0,56,0,0,0
avocado_slicer,0,34,50,48,0,0,0,0,85,0,0,0,0,0,0
baby_wipes,38,50,0,-50,0,0,0,0,0,0,0,0,0,80,0
linseed_oil,-50,-22,-24,0,0,0,0,0,0,0,0,0,0,0,81
smart_speaker,-21,0,0,42,50,0,0,0,0,93,0,0,0,0,0
foot_file,-8,0,49,28,0,0,0,0,0,0,0,-55,0,0,0
spoon,9,0,-20,2,0,0,0,0,0,0,0,-89,0,0,0
leg_warmers,15,-21,0,-18,0,0,0,0,0,0,0,0,0,95,0
baby_onesie,-28,0,0,16,-50,0,0,0,0,-100,0,0,0,0,0
mop,-8,14,0,0,0,0,0,0,0,0,0,0,0,-74,0
camper,-22,50,-46,0,0,0,0,0,0,0,0,0,0,0,88
smoker,0,2,-50,0,-12,0,0,-83,0,0,0,0,0,0,0
meat_tenderizer,46,0,-2,-44,0,0,0,0,0,0,0,-66,0,0,0
motherboard,34,-26,0,0,14,0,0,0,0,0,0,0,69,0,0
cap,0,36,-3,0,6,0,0,-93,0,0,0,0,0,0,0
easel_pad,0,-50,0,-50,-12,0,60,0,0,0,0,0,0,0,0
cooling_rack,15,0,-50,31,0,0,0,0,0,0,0,-64,0,0,0
plunger,0,22,20,0,32,0,0,-97,0,0,0,0,0,0,0
excursion,50,-12,0,0,-49,0,0,0,0,0,0,0,92,0,0
log_splitter,26,0,0,50,-40,0,0,0,0,95,0,0,0,0,0
lantern,0,19,-20,32,0,0,0,0,-84,0,0,0,0,0,0
poncho,0,0,-28,30,-36,-74,0,0,0,0,0,0,0,0,0
fanny_pack,0,-31,-26,0,-50,0,0,77,0,0,0,0,0,0,0
led_mask,-28,0,0,50,16,0,0,0,0,66,0,0,0,0,0
usb_c_hub,-2,0,0,-41,-50,0,0,0,0,-99,0,0,0,0,0
arm_warmers,-1,-6,-28,0,0,0,0,0,0,0,0,0,0,0,100
wine_rack,-8,43,0,0,50,0,0,0,0,0,0,0,-97,0,0
magazine,-8,0,46,0,27,0,0,0,0,0,86,0,0,0,0
digital_photo_frame,0,-18,50,-18,0,0,0,0,-64,0,0,0,0,0,0
wood_stain,49,0,-44,0,16,0,0,0,0,0,82,0,0,0,0
nursing_pads,0,40,-50,0,-2,0,0,-82,0,0,0,0,0,0,0
leather_needles,0,0,-42,-26,50,-73,0,0,0,0,0,0,0,0,0
needle_felting_kit,0,38,-50,0,20,0,0,-95,0,0,0,0,0,0,0
desk,0,-10,33,0,50,0,0,63,0,0,0,0,0,0,0
oil_diffuser_necklace,0,7,-2,17,0,0,0,0,-54,0,0,0,0,0,0
vacation,20,-28,0,12,0,0,0,0,0,0,0,0,0,54,0
tongue_scraper,50,26,0,-13,0,0,0,0,0,0,0,0,0,61,0
facial_steamer,0,-4,34,50,0,0,0,0,-85,0,0,0,0,0,0
chisel_set,15,50,0,-12,0,0,0,0,0,0,0,0,0,71,0
horseshoes_set,17,50,-45,0,0,0,0,0,0,0,0,0,0,0,60
wrench,24,-5,0,0,-44,0,0,0,0,0,0,0,88,0,0
murphy_bed,0,13,-26,40,0,0,0,0,82,0,0,0,0,0,0
microdermabrasion,0,0,-1,-50,-34,97,0,0,0,0,0,0,0,0,0
meat_injector,0,-30,-50,26,0,0,0,0,-60,0,0,0,0,0,0
pasta,0,24,0,0,-50,0,0,0,0,0,0,0,73,0,0
candle,0,-8,50,11,0,0,0,0,-85,0,0,0,0,0,0
restaurant,0,0,16,-32,36,-78,0,0,0,0,0,0,0,0,0
kombucha_kit,0,-46,0,-35,0,0,-54,0,0,0,0,0,0,0,0
shoes,0,-20,-3,-50,0,0,0,0,62,0,0,0,0,0,0
corkscrew,-34,-32,0,0,20,0,0,0,0,0,0,0,-98,0,0
dinner,0,0,-38,28,50,55,0,0,0,0,0,0,0,0,0
arcade_cabinet,35,18,0,-50,0,0,0,0,0,0,0,0,0,-100,0
ladle,50,47,0,0,28,0,0,0,0,0,0,0,-75,0,0
car_polish,-5,42,50,0,0,0,0,0,0,0,0,0,0,0,73
ice_pack,41,0,0,36,32,0,0,0,0,-69,0,0,0,0,0
moisturizer,0,0,-32,-20,-19,-51,0,0,0,0,0,0,0,0,0
padded_envelope,44,22,-38,0,0,0,0,0,0,0,0,0,0,0,54
water_park,22,0,42,-50,0,0,0,0,0,0,0,67,0,0,0
string_lights,0,38,-50,-42,0,0,0,0,-83,0,0,0,0,0,0
chair_cushions,8,7,0,0,49,0,0,0,0,0,0,0,-72,0,0
broker,-50,12,0,-30,0,0,0,0,0,0,0,0,0,-58,0
internship,-14,15,32,0,0,0,0,0,0,0,0,0,0,0,-58
card_shuffler,0,0,50,-15,40,-79,0,0,0,0,0,0,0,0,0
bait,50,0,-12,0,-12,0,0,0,0,0,72,0,0,0,0
fork,0,0,48,-50,-28,53,0,0,0,0,0,0,0,0,0
tweezers,0,-42,49,-50,0,0,0,0,-95,0,0,0,0,0,0
lawyer,-11,50,12,0,0,0,0,0,0,0,0,0,0,0,61
foosball_table,0,-34,0,42,50,0,-85,0,0,0,0,0,0,0,0
fifth_wheel,0,-31,0,-10,50,0,86,0,0,0,0,0,0,0,0
tripod,-18,50,0,0,45,0,0,0,0,0,0,0,-79,0,0
siphon,-8,0,19,0,-12,0,0,0,0,0,77,0,0,0,0
stand_mixer,2,12,0,0,-18,0,0,0,0,0,0,0,94,0,0
sedan,0,-22,-36,0,22,0,0,-67,0,0,0,0,0,0,0
aluminum_foil,0,13,0,9,-50,0,90,0,0,0,0,0,0,0,0
chemex,0,50,24,6,0,0,0,0,77,0,0,0,0,0,0
rubber_stamps,0,-1,0,0,26,0,58,0,0,0,0,0,0,0,0
sketchbook,34,0,-50,0,17,0,0,0,0,0,-53,0,0,0,0
bassinet,33,0,-24,-42,0,0,0,0,0,0,0,60,0,0,0
tackle_box,0,-50,44,0,-44,0,0,-51,0,0,0,0,0,0,0
pc_case,-36,0,0,50,-37,0,0,0,0,72,0,0,0,0,0
tie,10,0,-48,0,-50,0,0,0,0,0,69,0,0,0,0
reading_glasses,0,41,0,50,-3,0,-95,0,0,0,0,0,0,0,0
snowmobile,0,-44,0,-50,-3,0,-71,0,0,0,0,0,0,0,0
atv,-40,-28,0,-5,0,0,0,0,0,0,0,0,0,-94,0
glue_stick,-4,-44,-50,0,0,0,0,0,0,0,0,0,0,0,63
spade,35,0,-14,-50,0,0,0,0,0,0,0,96,0,0,0
wrist_rest,-8,0,-1,0,-5,0,0,0,0,0,-87,0,0,0,0
pie_dish,30,0,-50,25,0,0,0,0,0,0,0,-96,0,0,0
foundation,0,50,21,0,-13,0,0,-82,0,0,0,0,0,0,0
dish_gloves,24,-50,0,0,5,0,0,0,0,0,0,0,69,0,0
citronella_candle,-2,0,-5,0,18,0,0,0,0,0,95,0,0,0,0
stock,-14,-28,0,0,-4,0,0,0,0,0,0,0,93,0,0
dutch_oven,14,-24,0,0,50,0,0,0,0,0,0,0,83,0,0
hdmi_splitter,0,40,-28,0,-18,0,0,-66,0,0,0,0,0,0,0
pour_over_dripper,0,34,-10,-50,0,0,0,0,-54,0,0,0,0,0,0
lipstick,-49,0,0,35,50,0,0,0,0,67,0,0,0,0,0
airport,-50,0,0,-7,24,0,0,0,0,85,0,0,0,0,0
comforter,-50,28,0,0,-38,0,0,0,0,0,0,0,57,0,0
baby_formula,43,-14,0,0,50,0,0,0,0,0,0,0,-72,0,0
creamer_pitcher,-32,0,0,38,-50,0,0,0,0,85,0,0,0,0,0
apple_corer,34,0,-50,0,-12,0,0,0,0,0,60,0,0,0,0
flight,0,0,-46,8,22,84,0,0,0,0,0,0,0,0,0
resistance_band,34,0,-50,12,0,0,0,0,0,0,0,-57,0,0,0
breast_pump,46,0,36,0,44,0,0,0,0,0,-76,0,0,0,0
watercolor_paints,-3,0,0,-50,-3,0,0,0,0,90,0,0,0,0,0
floor_steamer,2,0,6,-25,0,0,0,0,0,0,0,-72,0,0,0
body_wash,36,46,50,0,0,0,0,0,0,0,0,0,0,0,92
polyurethane,0,50,0,-38,-38,0,-97,0,0,0,0,0,0,0,0
nametag,32,6,0,-1,0,0,0,0,0,0,0,0,0,74,0
plein_air_easel,0,42,4,0,-50,0,0,-61,0,0,0,0,0,0,0
weed_trimmer,0,20,-48,49,0,0,0,0,100,0,0,0,0,0,0
tie_dye_kit,-44,0,1,-14,0,0,0,0,0,0,0,80,0,0,0
waffle_maker,-24,0,0,-14,50,0,0,0,0,-78,0,0,0,0,0
kitchen_island,0,40,-6,50,0,0,0,0,-68,0,0,0,0,0,0
pellets,12,22,50,0,0,0,0,0,0,0,0,0,0,0,-92
menstrual_cup,0,0,17,-42,-50,-55,0,0,0,0,0,0,0,0,0
bowl,50,0,-33,0,48,0,0,0,0,0,92,0,0,0,0
cutting_mat,0,-36,0,-40,-50,0,78,0,0,0,0,0,0,0,0
bacon,0,0,-40,0,16,0,0,99,0,0,0,0,0,0,0
yoga_pants,50,26,0,0,50,0,0,0,0,0,0,0,-70,0,0
major,0,0,-20,-19,-35,-68,0,0,0,0,0,0,0,0,0
airline,0,50,0,-48,-36,0,-66,0,0,0,0,0,0,0,0
motorcycle,0,50,0,0,-33,0,-68,0,0,0,0,0,0,0,0
tablet_stand,50,18,-33,0,0,0,0,0,0,0,0,0,0,0,56
fashion_ring,0,32,0,16,-33,0,-69,0,0,0,0,0,0,0,0
kettle,-37,0,0,-50,-28,0,0,0,0,-69,0,0,0,0,0
clogs,0,0,-50,-17,44,80,0,0,0,0,0,0,0,0,0
burger,0,-50,-21,-3,0,0,0,0,85,0,0,0,0,0,0
beach,50,0,33,5,0,0,0,0,0,0,0,-95,0,0,0
headboard,0,0,-33,-50,-18,-77,0,0,0,0,0,0,0,0,0
nursing_pillow,-50,-28,-17,0,0,0,0,0,0,0,0,0,0,0,73
ram,0,50,0,-38,44,0,62,0,0,0,0,0,0,0,0
dash_cam,-24,0,50,19,0,0,0,0,0,0,0,-69,0,0,0
packing_cubes,0,0,29,50,-28,-88,0,0,0,0,0,0,0,0,0
trifle_bowl,0,-33,17,0,-50,0,0,81,0,0,0,0,0,0,0
salt_shaker,0,0,42,50,10,-65,0,0,0,0,0,0,0,0,0
sd_card,0,-11,0,-15,-22,0,-85,0,0,0,0,0,0,0,0
all_season_tires,-6,0,10,0,-18,0,0,0,0,0,50,0,0,0,0
antihistamine,50,-44,0,-26,0,0,0,0,0,0,0,0,0,67,0
thermometer,-50,-20,0,26,0,0,0,0,0,0,0,0,0,-60,0
ergonomic_mouse,0,-13,-40,0,-50,0,0,76,0,0,0,0,0,0,0
rowing_machine,9,0,0,-32,28,0,0,0,0,-79,0,0,0,0,0
coffee_tamper,33,-50,0,0,-9,0,0,0,0,0,0,0,83,0,0
duct_tape,50,-50,0,0,-22,0,0,0,0,0,0,0,-91,0,0
seat_cover,4,0,0,50,14,0,0,0,0,70,0,0,0,0,0
binder_planner,0,-48,4,0,25,0,0,97,0,0,0,0,0,0,0
gelato,-9,30,0,50,0,0,0,0,0,0,0,0,0,-77,0
headlight,-19,0,0,-6,16,0,0,0,0,85,0,0,0,0,0
performance_tires,-44,-38,14,0,0,0,0,0,0,0,0,0,0,0,80
ski_helmet,0,0,-50,31,-12,-72,0,0,0,0,0,0,0,0,0
heated_gloves,28,0,0,-50,-28,0,0,0,0,75,0,0,0,0,0
embroidery_needles,0,-14,50,0,-9,0,0,66,0,0,0,0,0,0,0
scholarship,36,0,0,20,27,0,0,0,0,72,0,0,0,0,0
jeans,0,-6,42,0,50,0,0,-71,0,0,0,0,0,0,0
generator,28,0,6,50,0,0,0,0,0,0,0,69,0,0,0
peeler,-28,0,0,-2,-50,0,0,0,0,96,0,0,0,0,0
necklace,0,46,-10,0,-50,0,0,-97,0,0,0,0,0,0,0
fixative_spray,-16,-50,0,-23,0,0,0,0,0,0,0,0,0,83,0
chicken,-40,0,-39,0,24,0,0,0,0,0,81,0,0,0,0
masking_tape,-24,0,0,50,-20,0,0,0,0,-69,0,0,0,0,0
smart_display,50,0,0,-27,28,0,0,0,0,-93,0,0,0,0,0
water_bottle,-16,0,0,29,-50,0,0,0,0,-66,0,0,0,0,0
lift_chair,50,0,-11,0,5,0,0,0,0,0,-81,0,0,0,0
pastels,-45,-12,0,0,-50,0,0,0,0,0,0,0,-58,0,0
toaster,0,-36,45,50,0,0,0,0,-88,0,0,0,0,0,0
uv_resin_light,-10,0,40,-8,0,0,0,0,0,0,0,-64,0,0,0
smart_bulb,-18,-50,0,0,24,0,0,0,0,0,0,0,59,0,0
guacamole,47,-50,0,0,-4,0,0,0,0,0,0,0,-81,0,0
pet_treats,0,30,44,0,9,0,0,55,0,0,0,0,0,0,0
punch_bowl,29,50,0,-48,0,0,0,0,0,0,0,0,0,-59,0
nutcracker,-50,0,-39,0,-42,0,0,0,0,0,-93,0,0,0,0
bathroom_scale,29,50,0,0,-30,0,0,0,0,0,0,0,97,0,0
patio_umbrella,32,50,-12,0,0,0,0,0,0,0,0,0,0,0,74
stroller,0,0,14,-38,50,-99,0,0,0,0,0,0,0,0,0
ladder_toss,0,25,-50,0,-18,0,0,78,0,0,0,0,0,0,0
perfume,12,0,5,-10,0,0,0,0,0,0,0,-51,0,0,0
sled,0,50,0,0,48,0,0,89,0,0,0,0,0,0,0
snow_shovel,0,9,-50,-50,0,0,0,0,-51,0,0,0,0,0,0
car_emergency_kit,50,0,9,-6,0,0,0,0,0,0,0,-76,0,0,0
chalk_markers,0,0,38,-27,50,56,0,0,0,0,0,0,0,0,0
wood_lathe,43,0,0,46,-36,0,0,0,0,-83,0,0,0,0,0
cargo_trailer,0,48,0,-32,-50,0,75,0,0,0,0,0,0,0,0
tablet,0,0,50,-18,-35,-81,0,0,0,0,0,0,0,0,0
diving_mask,44,33,0,0,27,0,0,0,0,0,0,0,-64,0,0
ice_bucket,-36,40,0,0,-22,0,0,0,0,0,0,0,61,0,0
dry_suit,-50,0,0,10,-9,0,0,0,0,-50,0,0,0,0,0
sailboat,0,-50,-43,0,-34,0,0,90,0,0,0,0,0,0,0
duffel_bag,48,44,0,0,44,0,0,0,0,0,0,0,93,0,0
outdoor_plant,-50,38,0,12,0,0,0,0,0,0,0,0,0,-79,0
boat_trailer,12,0,0,50,-16,0,0,0,0,-59,0,0,0,0,0
figure_skates,0,0,50,-44,48,68,0,0,0,0,0,0,0,0,0
sunglasses,0,46,26,45,0,0,0,0,-51,0,0,0,0,0,0
coffee_grinder,-7,0,50,0,13,0,0,0,0,0,87,0,0,0,0
bread_box,0,5,0,13,-50,0,81,0,0,0,0,0,0,0,0
disinfectant,-35,0,0,-25,42,0,0,0,0,66,0,0,0,0,0
hot_dog,0,50,46,0,-48,0,0,-52,0,0,0,0,0,0,0
sudoku_book,-50,-27,0,0,24,0,0,0,0,0,0,0,87,0,0
whiteboard_markers,-50,0,26,0,-16,0,0,0,0,0,-79,0,0,0,0
bra,0,-18,10,-50,0,0,0,0,-96,0,0,0,0,0,0
scrapbook,0,-17,-50,44,0,0,0,0,99,0,0,0,0,0,0
mini_paint,50,0,40,-49,0,0,0,0,0,0,0,-79,0,0,0
nail_clipper,50,31,38,0,0,0,0,0,0,0,0,0,0,0,-69
pitchfork,0,2,0,50,46,0,-92,0,0,0,0,0,0,0,0
pain_reliever,0,-2,50,0,11,0,0,70,0,0,0,0,0,0,0
tiered_cake_stand,50,0,11,0,-11,0,0,0,0,0,-90,0,0,0,0
packing_tape,-40,47,0,0,-50,0,0,0,0,0,0,0,-79,0,0
play_mat,0,36,42,0,-34,0,0,57,0,0,0,0,0,0,0
mocha,0,-30,-20,28,0,0,0,0,99,0,0,0,0,0,0
coat,-44,0,-50,-14,0,0,0,0,0,0,0,89,0,0,0
baby_carrier,37,-14,0,22,0,0,0,0,0,0,0,0,0,-98,0
felting_wool,0,0,-13,23,-26,51,0,0,0,0,0,0,0,0,0
action_camera,50,0,-12,-34,0,0,0,0,0,0,0,-95,0,0,0
changing_pad,0,42,-1,50,0,0,0,0,74,0,0,0,0,0,0
ladder,16,0,0,48,30,0,0,0,0,-76,0,0,0,0,0
leather_conditioner,0,-33,50,15,0,0,0,0,-86,0,0,0,0,0,0
compression_bag,-36,0,44,50,0,0,0,0,0,0,0,-82,0,0,0
robot_mop,0,8,50,-34,0,0,0,0,99,0,0,0,0,0,0
crutches,-16,0,46,0,17,0,0,0,0,0,-79,0,0,0,0
compost_bin,0,50,-14,0,-4,0,0,95,0,0,0,0,0,0,0
car_seat,0,47,32,3,0,0,0,0,95,0,0,0,0,0,0
sports_drink,0,-18,2,-50,0,0,0,0,-64,0,0,0,0,0,0
kitchen_faucet,0,0,7,50,-16,-74,0,0,0,0,0,0,0,0,0
mascara,5,0,0,8,12,0,0,0,0,79,0,0,0,0,0
snow_boots,-50,0,-28,-23,0,0,0,0,0,0,0,-65,0,0,0
poster,-32,-12,26,0,0,0,0,0,0,0,0,0,0,0,55
mouse,-22,50,-4,0,0,0,0,0,0,0,0,0,0,0,-52
egg_timer,0,-28,-6,0,-50,0,0,-93,0,0,0,0,0,0,0
shin_guards,-3,0,-50,0,0,0,0,0,0,0,0,68,0,0,0
charcoal_pencils,-50,-26,0,10,0,0,0,0,0,0,0,0,0,52,0
rideshare,-28,0,6,37,0,0,0,0,0,0,0,-58,0,0,0
cufflinks,-20,0,0,-50,32,0,0,0,0,63,0,0,0,0,0
sink_stopper,50,0,0,50,26,0,0,0,0,-91,0,0,0,0,0
backpack,20,50,-47,0,0,0,0,0,0,0,0,0,0,0,50
golf_clubs,50,-45,0,36,0,0,0,0,0,0,0,0,0,85,0
antifungal_cream,0,0,-50,0,13,0,0,-63,0,0,0,0,0,0,0
watch,0,50,0,0,-8,0,0,75,0,0,0,0,0,0,0
bed_frame,-6,0,50,0,29,0,0,0,0,0,99,0,0,0,0
scooter,50,12,-42,0,0,0,0,0,0,0,0,0,0,0,77
smart_home_hub,6,0,-46,0,40,0,0,0,0,0,-96,0,0,0,0
heater,49,0,0,1,-50,0,0,0,0,72,0,0,0,0,0
shop_vac,0,27,-50,0,43,0,0,50,0,0,0,0,0,0,0
underwear,0,-28,50,33,0,0,0,0,-76,0,0,0,0,0,0
bath_mat,0,0,-11,-16,-42,-56,0,0,0,0,0,0,0,0,0
doorbell,0,-40,-12,0,50,0,0,-82,0,0,0,0,0,0,0
notebook,0,50,0,0,44,0,0,67,0,0,0,0,0,0,0
energy_drink,0,-48,38,42,0,0,0,0,65,0,0,0,0,0,0
foam_roller,36,0,0,50,27,0,0,0,0,-73,0,0,0,0,0
butcher_block,44,50,0,40,0,0,0,0,0,0,0,0,0,52,0
razor,-50,0,-14,8,0,0,0,0,0,0,0,88,0,0,0
parrot,-4,0,-50,-33,0,0,0,0,0,0,0,98,0,0,0
debit_card,-14,50,0,46,0,0,0,0,0,0,0,0,0,70,0
blackhead_remover,0,50,-10,39,0,0,0,0,-64,0,0,0,0,0,0
smartphone,0,0,29,-1,-30,72,0,0,0,0,0,0,0,0,0
highlighter,0,-6,-50,0,-46,0,0,92,0,0,0,0,0,0,0
travel_umbrella,50,50,6,0,0,0,0,0,0,0,0,0,0,0,77
mouthguard,32,0,-34,0,-20,0,0,0,0,0,-87,0,0,0,0
face_respirator,38,0,25,0,-50,0,0,0,0,0,-95,0,0,0,0
outdoor_rug,0,-6,-10,0,-8,0,0,54,0,0,0,0,0,0,0
trailer_hitch,-36,-14,0,0,-50,0,0,0,0,0,0,0,-57,0,0
football,-42,50,48,0,0,0,0,0,0,0,0,0,0,0,-79
hockey_skates,0,0,-34,-50,-15,58,0,0,0,0,0,0,0,0,0
reading_lamp,0,-14,40,-36,0,0,0,0,67,0,0,0,0,0,0
mousse,0,0,1,50,-12,-62,0,0,0,0,0,0,0,0,0
gas_grill,-50,0,0,-32,-48,0,0,0,0,-68,0,0,0,0,0
pillar_holder,-42,0,0,-31,36,0,0,0,0,89,0,0,0,0,0
cookie_cutters,-32,0,-50,0,-19,0,0,0,0,0,99,0,0,0,0
card_reader,0,-12,-38,0,44,0,0,-94,0,0,0,0,0,0,0
wallet,-4,-30,0,24,0,0,0,0,0,0,0,0,0,-99,0
super_glue,5,0,0,-50,-30,0,0,0,0,71,0,0,0,0,0
nasal_spray,0,0,-50,21,46,74,0,0,0,0,0,0,0,0,0
air_fryer,0,0,-16,50,23,-91,0,0,0,0,0,0,0,0,0
outdoor_heater,-2,-19,0,-50,0,0,0,0,0,0,0,0,0,60,0
basketball,0,0,-31,46,50,-50,0,0,0,0,0,0,0,0,0
phone_mount,50,0,-5,-4,0,0,0,0,0,0,0,-56,0,0,0
luggage_set,-27,0,0,-31,44,0,0,0,0,98,0,0,0,0,0
shovel,-25,0,0,-4,-24,0,0,0,0,52,0,0,0,0,0
pulse_oximeter,0,0,0,50,4,79,0,0,0,0,0,0,0,0,0
boombox,-50,-10,0,-46,0,0,0,0,0,0,0,0,0,73,0
pacifier,44,0,-50,0,-5,0,0,0,0,0,-88,0,0,0,0
pet_food,0,-2,0,6,-50,0,60,0,0,0,0,0,0,0,0
3d_printer_enclosure,10,-7,0,26,0,0,0,0,0,0,0,0,0,86,0
crib,11,-40,-50,0,0,0,0,0,0,0,0,0,0,0,66
smoke_mask,0,8,2,10,0,0,0,0,90,0,0,0,0,0,0
instant_pot,-14,0,0,28,-47,0,0,0,0,82,0,0,0,0,0
case_fan,0,-24,0,24,44,0,-53,0,0,0,0,0,0,0,0
door,0,4,-39,0,-50,0,0,-93,0,0,0,0,0,0,0
correction_tape,24,14,50,0,0,0,0,0,0,0,0,0,0,0,92
thermal_paste,42,0,-50,-30,0,0,0,0,0,0,0,77,0,0,0
drawing_pad,-32,0,-50,-8,0,0,0,0,0,0,0,-73,0,0,0
shower_liner,0,48,0,50,4,0,81,0,0,0,0,0,0,0,0
charcoal_grill,14,-4,50,0,0,0,0,0,0,0,0,0,0,0,51
dry_erase_calendar,0,0,-11,50,-14,88,0,0,0,0,0,0,0,0,0
thermos,-8,0,22,-20,0,0,0,0,0,0,0,98,0,0,0
mirrorless_camera,32,0,-15,-16,0,0,0,0,0,0,0,-95,0,0,0
mahjong_set,0,0,-38,25,-26,-58,0,0,0,0,0,0,0,0,0
sectional,-39,0,50,28,0,0,0,0,0,0,0,58,0,0,0
embossing_powder,0,20,0,16,50,0,-97,0,0,0,0,0,0,0,0
bodyboard,-45,20,2,0,0,0,0,0,0,0,0,0,0,0,96
poker_table,0,-6,0,32,26,0,56,0,0,0,0,0,0,0,0
safety_gate,38,0,-47,-40,0,0,0,0,0,0,0,90,0,0,0
water_filter,-50,8,8,0,0,0,0,0,0,0,0,0,0,0,-93
punching_bag,50,14,-41,0,0,0,0,0,0,0,0,0,0,0,90
van,-2,-50,0,0,0,0,0,0,0,0,0,0,-97,0,0
coffeemaker,44,0,0,24,2,0,0,0,0,-84,0,0,0,0,0
fertility_monitor,0,-46,-44,0,44,0,0,-92,0,0,0,0,0,0,0
bidet,28,12,0,0,4,0,0,0,0,0,0,0,-93,0,0
car_wax,0,0,4,-6,9,72,0,0,0,0,0,0,0,0,0
paint_palette,-5,0,-33,26,0,0,0,0,0,0,0,-86,0,0,0
cordless_vacuum,19,50,0,0,40,0,0,0,0,0,0,0,-96,0,0
gouache_paints,44,0,0,50,-48,0,0,0,0,-89,0,0,0,0,0
baby_swing,-50,0,0,31,-28,0,0,0,0,100,0,0,0,0,0
protein_bar,0,6,0,-34,-40,0,52,0,0,0,0,0,0,0,0
turtle,9,0,-50,0,21,0,0,0,0,0,57,0,0,0,0
guided_tour,0,-8,-30,0,-50,0,0,52,0,0,0,0,0,0,0
pearl_earrings,0,32,-20,0,-14,0,0,-81,0,0,0,0,0,0,0
taxi_service,-18,0,-44,8,0,0,0,0,0,0,0,-75,0,0,0
coupe,9,0,-32,16,0,0,0,0,0,0,0,-51,0,0,0
apartment,46,34,0,0,2,0,0,0,0,0,0,0,61,0,0
palette_knife,0,50,24,14,0,0,0,0,71,0,0,0,0,0,0
life_jacket,40,31,-32,0,0,0,0,0,0,0,0,0,0,0,-83
quilting_fabric,23,14,0,0,0,0,0,0,0,0,0,0,-57,0,0
chest_freezer,35,26,0,50,0,0,0,0,0,0,0,0,0,-100,0
pumps,-5,-40,0,50,0,0,0,0,0,0,0,0,0,51,0
dumbbell,-24,44,42,0,0,0,0,0,0,0,0,0,0,0,54
toilet_paper,0,-42,0,50,14,0,-74,0,0,0,0,0,0,0,0
water_test_kit,0,36,0,-50,4,0,93,0,0,0,0,0,0,0,0
dress_form,0,0,20,50,-39,75,0,0,0,0,0,0,0,0,0
epoxy_resin,0,-12,0,18,4,0,75,0,0,0,0,0,0,0,0
table,0,38,22,50,0,0,0,0,90,0,0,0,0,0,0
glue_gun,-10,0,-23,29,0,0,0,0,0,0,0,-99,0,0,0
ottoman,0,32,0,42,50,0,-76,0,0,0,0,0,0,0,0
extension_cord,23,0,0,-50,-22,0,0,0,0,-89,0,0,0,0,0
cupcake_liners,2,-24,-2,0,0,0,0,0,0,0,0,0,0,0,94
cappuccino,0,0,-6,-50,-48,62,0,0,0,0,0,0,0,0,0
pineapple_corer,0,-29,50,0,-46,0,0,70,0,0,0,0,0,0,0
destination,0,0,10,-50,0,0,0,0,0,0,0,-97,0,0,0
external_ssd,3,6,0,-10,0,0,0,0,0,0,0,0,0,-88,0
baby_dishware,50,10,0,-26,0,0,0,0,0,0,0,0,0,-58,0
water_skis,-10,0,10,0,-32,0,0,0,0,0,81,0,0,0,0
upright_freezer,0,4,50,47,0,0,0,0,54,0,0,0,0,0,0
pitcher,36,0,0,50,10,0,0,0,0,-90,0,0,0,0,0
promise_ring,36,0,0,42,14,0,0,0,0,-77,0,0,0,0,0
printer_bed,-6,50,0,0,6,0,0,0,0,0,0,0,69,0,0
saw,0,-20,0,36,-19,0,65,0,0,0,0,0,0,0,0
pickup_truck,0,22,0,44,-28,0,93,0,0,0,0,0,0,0,0
gooseneck_kettle,4,20,0,50,0,0,0,0,0,0,0,0,0,-74,0
workbench,0,50,36,8,0,0,0,0,54,0,0,0,0,0,0
skis,6,0,0,50,8,0,0,0,0,61,0,0,0,0,0
bathrobe,-16,0,-50,-48,0,0,0,0,0,0,0,-61,0,0,0
kennel,-30,-24,39,0,0,0,0,0,0,0,0,0,0,0,-50
gazebo,15,-46,50,0,0,0,0,0,0,0,0,0,0,0,69
coffee_cart,-45,-20,15,0,0,0,0,0,0,0,0,0,0,0,-71
lazy_susan,0,-6,-31,-48,0,0,0,0,-54,0,0,0,0,0,0
uv_sanitizer,-40,14,0,-35,0,0,0,0,0,0,0,0,0,83,0
saline_solution,2,0,-32,-50,0,0,0,0,0,0,0,-93,0,0,0
hummus,35,0,0,-50,0,0,0,0,0,0,0,0,0,-77,0
nail_polish,50,-40,-24,0,0,0,0,0,0,0,0,0,0,0,-68
screen_printing_kit,0,-44,-50,0,-35,0,0,70,0,0,0,0,0,0,0
bath_seat,0,0,50,34,4,80,0,0,0,0,0,0,0,0,0
pamphlet,-50,0,36,24,0,0,0,0,0,0,0,84,0,0,0
cotton_pads,0,42,-8,0,-50,0,0,88,0,0,0,0,0,0,0
macrame_cord,0,0,-50,41,19,-82,0,0,0,0,0,0,0,0,0
recycle_bin,0,0,-42,-3,-50,82,0,0,0,0,0,0,0,0,0
floss,-12,-50,0,0,26,0,0,0,0,0,0,0,80,0,0
glasses,-49,0,0,-19,44,0,0,0,0,96,0,0,0,0,0
minivan,43,0,0,50,-31,0,0,0,0,56,0,0,0,0,0
soda_maker,0,-44,0,-16,-6,0,-83,0,0,0,0,0,0,0,0
notary,12,0,-4,-50,0,0,0,0,0,0,0,62,0,0,0
wall_sconce,16,0,18,18,0,0,0,0,0,0,0,-87,0,0,0
pregnancy_test,-50,0,-24,35,0,0,0,0,0,0,0,-100,0,0,0
kitchen_garbage,-50,39,39,0,0,0,0,0,0,0,0,0,0,0,-64
knitting_needles,34,15,-50,0,0,0,0,0,0,0,0,0,0,0,-88
baking_sheet,0,0,-26,-1,-30,-61,0,0,0,0,0,0,0,0,0
button_maker,-28,0,-50,0,-12,0,0,0,0,0,61,0,0,0,0
nasal_aspirator,-50,14,0,38,0,0,0,0,0,0,0,0,0,75,0
drill,-50,-19,0,0,-6,0,0,0,0,0,0,0,-74,0,0
face_shield,-6,0,0,11,-46,0,0,0,0,68,0,0,0,0,0
eyeshadow,50,-42,-30,0,0,0,0,0,0,0,0,0,0,0,-84
latte,47,-50,0,-36,0,0,0,0,0,0,0,0,0,-58,0
wok,18,34,0,0,-50,0,0,0,0,0,0,0,90,0,0
tennis_ball,0,0,16,-45,50,55,0,0,0,0,0,0,0,0,0
gaming_mouse,0,0,-47,47,22,-93,0,0,0,0,0,0,0,0,0
sheet_mask,0,32,-50,43,0,0,0,0,-70,0,0,0,0,0,0
rowboat,0,0,38,12,-21,71,0,0,0,0,0,0,0,0,0
dishwasher,-36,0,0,50,0,0,0,0,0,0,0,0,0,66,0
iron,8,-50,-37,0,0,0,0,0,0,0,0,0,0,0,61
fire_blanket,-31,-50,13,0,0,0,0,0,0,0,0,0,0,0,-62
deep_fryer,0,14,-47,0,-11,0,0,-94,0,0,0,0,0,0,0
neck_pillow,0,0,-37,20,50,-62,0,0,0,0,0,0,0,0,0
sculpting_tools,-16,0,0,-50,-8,0,0,0,0,68,0,0,0,0,0
tuna,0,50,26,0,2,0,0,-86,0,0,0,0,0,0,0
heat_gun,0,-28,-28,0,-50,0,0,83,0,0,0,0,0,0,0
vegetable_plant,26,0,38,-35,0,0,0,0,0,0,0,-95,0,0,0
laser_pointer,50,-27,0,0,8,0,0,0,0,0,0,0,-100,0,0
roof_rack,0,0,50,-50,50,96,0,0,0,0,0,0,0,0,0
pliers,0,43,0,-50,4,0,-91,0,0,0,0,0,0,0,0
brace,-50,-8,1,0,0,0,0,0,0,0,0,0,0,0,-94
guesthouse,12,0,22,50,0,0,0,0,0,0,0,98,0,0,0
powerbank,-5,0,0,5,-50,0,0,0,0,-98,0,0,0,0,0
epoxy,-8,0,0,-38,50,0,0,0,0,-55,0,0,0,0,0
brush_pen,0,-38,-50,-40,0,0,0,0,66,0,0,0,0,0,0
saucepan,0,0,50,-40,-12,-60,0,0,0,0,0,0,0,0,0
punch_needle_kit,0,0,-31,20,-8,-61,0,0,0,0,0,0,0,0,0
loom,0,17,50,0,39,0,0,75,0,0,0,0,0,0,0
air_compressor,37,27,0,35,0,0,0,0,0,0,0,0,0,57,0
outdoor_storage_bench,0,0,-24,3,-50,-73,0,0,0,0,0,0,0,0,0
earbuds,-16,18,0,49,0,0,0,0,0,0,0,0,0,71,0
electric_car,0,-28,0,32,-26,0,-76,0,0,0,0,0,0,0,0
trimmer,-18,-50,0,-6,0,0,0,0,0,0,0,0,0,-97,0
earrings,0,-13,-32,0,-50,0,0,72,0,0,0,0,0,0,0
chocolate_fountain,0,32,0,38,32,0,65,0,0,0,0,0,0,0,0
lotion,-24,0,50,0,-6,0,0,0,0,0,-95,0,0,0,0
bar_cart,24,-23,-8,0,0,0,0,0,0,0,0,0,0,0,89
flash,0,-50,0,22,-28,0,-56,0,0,0,0,0,0,0,0
diaper_type,0,21,-44,0,38,0,0,-79,0,0,0,0,0,0,0
ups,0,0,-30,-46,12,-52,0,0,0,0,0,0,0,0,0
trackball_mouse,-36,0,8,-32,0,0,0,0,0,0,0,60,0,0,0
toilet_seat,17,0,14,-24,0,0,0,0,0,0,0,-73,0,0,0
projector,50,-18,0,10,0,0,0,0,0,0,0,0,0,-55,0
jump_rope,46,0,0,-18,-34,0,0,0,0,74,0,0,0,0,0
hair_tie,0,-22,-44,0,20,0,0,-94,0,0,0,0,0,0,0
chainsaw,-24,-10,50,0,0,0,0,0,0,0,0,0,0,0,69
bird,-6,0,0,-50,44,0,0,0,0,-91,0,0,0,0,0
scale,-50,0,0,19,-24,0,0,0,0,-96,0,0,0,0,0
bunk_bed,0,0,49,-22,-36,-57,0,0,0,0,0,0,0,0,0
fertilizer,0,-7,2,0,12,0,0,-69,0,0,0,0,0,0,0
calligraphy_pen,0,10,49,12,0,0,0,0,-95,0,0,0,0,0,0
blouse,-50,0,-50,0,-48,0,0,0,0,0,-73,0,0,0,0
incense_holder,-50,45,0,0,-50,0,0,0,0,0,0,0,-74,0,0
laptop_stand,0,-24,-44,50,0,0,0,0,83,0,0,0,0,0,0
futon,-50,0,0,12,-3,0,0,0,0,-85,0,0,0,0,0
toddler_bed,34,-50,-20,0,0,0,0,0,0,0,0,0,0,0,72
bbq_grill,7,0,0,8,-47,0,0,0,0,-50,0,0,0,0,0
motorized_blinds,0,32,-26,0,12,0,0,-81,0,0,0,0,0,0,0
under_sink_organizer,6,50,0,0,0,0,0,0,0,0,0,0,0,81,0
clock,0,48,41,-48,0,0,0,0,63,0,0,0,0,0,0
pen,-50,0,43,0,10,0,0,0,0,0,-99,0,0,0,0
hammer,0,0,30,-12,-46,98,0,0,0,0,0,0,0,0,0
garbage_disposal,40,28,12,0,0,0,0,0,0,0,0,0,0,0,94
hair_clip,0,-20,-38,0,-40,0,0,95,0,0,0,0,0,0,0
protective_goggles,0,36,-35,0,50,0,0,-92,0,0,0,0,0,0,0
towel,15,18,50,0,0,0,0,0,0,0,0,0,0,0,-55
elliptical,-35,0,-50,-12,0,0,0,0,0,0,0,-78,0,0,0
microphone,-50,-38,0,0,17,0,0,0,0,0,0,0,71,0,0
oil_paints,-40,-38,0,24,0,0,0,0,0,0,0,0,0,83,0
av_receiver,0,20,-31,-14,0,0,0,0,-77,0,0,0,0,0,0
white_out,0,50,0,-6,45,0,-90,0,0,0,0,0,0,0,0
smartwatch,0,0,-12,35,48,56,0,0,0,0,0,0,0,0,0
stamping_ink,50,0,0,-10,2,0,0,0,0,-78,0,0,0,0,0
baby_bottle,0,-26,-50,-47,0,0,0,0,88,0,0,0,0,0,0
kettlebell,-50,-14,1,0,0,0,0,0,0,0,0,0,0,0,74
resin_molds,-6,0,0,-32,46,0,0,0,0,-96,0,0,0,0,0
tape_dispenser,0,-24,0,50,25,0,93,0,0,0,0,0,0,0,0
juice,0,-38,0,50,-34,0,85,0,0,0,0,0,0,0,0
spread,-47,0,-22,14,0,0,0,0,0,0,0,64,0,0,0
bluetooth_adapter,38,0,0,2,39,0,0,0,0,82,0,0,0,0,0
power_station,0,0,50,-35,32,57,0,0,0,0,0,0,0,0,0
rc_plane,26,-48,0,0,-42,0,0,0,0,0,0,0,64,0,0
dessert,48,-50,0,0,-24,0,0,0,0,0,0,0,-59,0,0
compass,0,22,-46,19,0,0,0,0,-51,0,0,0,0,0,0
latch_hook_kit,0,-50,26,0,-14,0,0,70,0,0,0,0,0,0,0
paper_plates,0,-17,-48,0,28,0,0,-50,0,0,0,0,0,0,0
bandana,26,-2,50,0,0,0,0,0,0,0,0,0,0,0,88
surge_protector,-43,2,0,28,0,0,0,0,0,0,0,0,0,-94,0
desktop,26,-24,-50,0,0,0,0,0,0,0,0,0,0,0,53
jacket,40,42,0,0,-50,0,0,0,0,0,0,0,-89,0,0
bug_zapper,0,32,21,0,-50,0,0,54,0,0,0,0,0,0,0
freezer,-50,5,0,-28,0,0,0,0,0,0,0,0,0,-88,0
lip_balm,0,48,-3,-38,0,0,0,0,-55,0,0,0,0,0,0
espresso_machine,0,46,-40,-24,0,0,0,0,-97,0,0,0,0,0,0
train_set,0,30,32,0,-16,0,0,-87,0,0,0,0,0,0,0
massage_chair,50,-14,0,6,0,0,0,0,0,0,0,0,0,-67,0
instant_film,50,6,8,0,0,0,0,0,0,0,0,0,0,0,-72
coffee_syrup,30,0,0,34,36,0,0,0,0,-97,0,0,0,0,0
ear_thermometer,10,44,50,0,0,0,0,0,0,0,0,0,0,0,57
gel_pens,-50,0,-48,12,0,0,0,0,0,0,0,71,0,0,0
hockey_stick,8,20,50,0,0,0,0,0,0,0,0,0,0,0,82
coffee_table,-14,0,0,43,-29,0,0,0,0,-52,0,0,0,0,0
diffuser,-50,0,-8,0,34,0,0,0,0,0,57,0,0,0,0
magnifying_glass,50,-12,0,2,0,0,0,0,0,0,0,0,0,-81,0
swim_trunks,-16,-39,0,0,6,0,0,0,0,0,0,0,-81,0,0
peanut_butter,46,0,35,0,50,0,0,0,0,0,85,0,0,0,0
cane,0,28,0,-42,50,0,-99,0,0,0,0,0,0,0,0
essential_oils,-50,0,0,-16,48,0,0,0,0,-60,0,0,0,0,0
subwoofer,0,39,4,0,50,0,0,86,0,0,0,0,0,0,0
ring_box,-20,0,0,50,8,0,0,0,0,-62,0,0,0,0,0
cupboard,0,0,-50,-40,46,95,0,0,0,0,0,0,0,0,0
canvas_board,0,-50,-40,0,6,0,0,-95,0,0,0,0,0,0,0
desk_calendar,-24,-16,50,0,0,0,0,0,0,0,0,0,0,0,91
checkers,0,0,14,-10,36,-99,0,0,0,0,0,0,0,0,0
champagne_flute,0,0,-30,-32,-6,-69,0,0,0,0,0,0,0,0,0
hybrid_car,-49,44,0,12,0,0,0,0,0,0,0,0,0,-96,0
neti_pot,-46,26,0,0,38,0,0,0,0,0,0,0,51,0,0
outdoor_pool_table,5,0,-6,0,48,0,0,0,0,0,59,0,0,0,0
booster_seat,0,-40,50,0,39,0,0,-74,0,0,0,0,0,0,0
pencil,-48,0,0,26,-36,0,0,0,0,53,0,0,0,0,0
mortgage,0,0,-35,-50,10,-57,0,0,0,0,0,0,0,0,0
pantry,0,0,4,-50,41,-65,0,0,0,0,0,0,0,0,0
hot_water_bottle,0,0,14,-23,-14,-89,0,0,0,0,0,0,0,0,0
filter,0,-8,24,0,-50,0,0,91,0,0,0,0,0,0,0
milk_frother,-50,38,-44,0,0,0,0,0,0,0,0,0,0,0,59
gate,0,-2,-40,0,-4,0,0,79,0,0,0,0,0,0,0
bartending_tools,32,0,0,-16,50,0,0,0,0,61,0,0,0,0,0
laundry_detergent,0,3,0,-50,-14,0,100,0,0,0,0,0,0,0,0
eyeliner,36,0,50,0,30,0,0,0,0,0,-78,0,0,0,0
toothbrush,-46,2,-50,0,0,0,0,0,0,0,0,0,0,0,-79
organizer,12,0,-4,0,-50,0,0,0,0,0,-54,0,0,0,0
hvac_filter,-34,44,0,-50,0,0,0,0,0,0,0,0,0,52,0
resin_pigments,35,26,0,-50,0,0,0,0,0,0,0,0,0,-78,0
mirror,-34,0,1,0,-50,0,0,0,0,0,99,0,0,0,0
planner_inserts,-16,-24,0,16,0,0,0,0,0,0,0,0,0,-60,0
dog_collar,0,6,-40,0,-32,0,0,96,0,0,0,0,0,0,0
socks,28,18,0,0,18,0,0,0,0,0,0,0,-69,0,0
school,-50,0,0,-1,-37,0,0,0,0,68,0,0,0,0,0
shower_head,-28,-50,0,-46,0,0,0,0,0,0,0,0,0,-88,0
longboard,-38,-42,-50,0,0,0,0,0,0,0,0,0,0,0,97
fountain_pen,17,0,5,31,0,0,0,0,0,0,0,-52,0,0,0
plastic_cutlery,-24,0,50,0,-46,0,0,0,0,0,-92,0,0,0,0
brake_pads,0,-50,24,0,36,0,0,87,0,0,0,0,0,0,0
grant,-50,-45,-38,0,0,0,0,0,0,0,0,0,0,0,64
leather_punch,34,50,34,0,0,0,0,0,0,0,0,0,0,0,-79
carry_on,-41,-38,0,-46,0,0,0,0,0,0,0,0,0,-89,0
fence,0,0,-50,-1,0,0,0,0,0,0,0,57,0,0,0
donut,0,-22,14,40,0,0,0,0,-54,0,0,0,0,0,0
off_road_vehicle,23,0,26,0,50,0,0,0,0,0,58,0,0,0,0
planter,0,-15,50,27,0,0,0,0,65,0,0,0,0,0,0
led_kit,0,-49,50,12,0,0,0,0,89,0,0,0,0,0,0
colored_pencils,22,-50,0,-20,0,0,0,0,0,0,0,0,0,-82,0
tiki_torch,-44,0,45,-50,0,0,0,0,0,0,0,90,0,0,0
barbell,-32,-40,46,0,0,0,0,0,0,0,0,0,0,0,-54
baby_bathtub,-46,0,0,37,50,0,0,0,0,75,0,0,0,0,0
comic_boxes,0,-50,-5,0,-44,0,0,74,0,0,0,0,0,0,0
burp_cloth,0,0,0,-11,50,72,0,0,0,0,0,0,0,0,0
home_roaster,16,15,-2,0,0,0,0,0,0,0,0,0,0,0,81
leather_stamping_kit,39,0,0,-50,26,0,0,0,0,-78,0,0,0,0,0
egg_holder,0,-38,-22,-12,0,0,0,0,50,0,0,0,0,0,0
drain_cleaner,-25,0,33,36,0,0,0,0,0,0,0,-86,0,0,0
wedding_ring,0,22,50,22,0,0,0,0,70,0,0,0,0,0,0
jack_stands,-33,0,-40,50,0,0,0,0,0,0,0,81,0,0,0
miniatures,50,50,0,0,-12,0,0,0,0,0,0,0,-95,0,0
earplugs,0,0,22,40,-34,62,0,0,0,0,0,0,0,0,0
food_storage,0,-35,-50,36,0,0,0,0,83,0,0,0,0,0,0
bosu_ball,0,0,-50,36,38,-97,0,0,0,0,0,0,0,0,0
nightstand,0,0,-46,-14,11,-87,0,0,0,0,0,0,0,0,0
vase,0,-18,0,16,-50,0,79,0,0,0,0,0,0,0,0
cheese,-50,0,-27,2,0,0,0,0,0,0,0,87,0,0,0
herbal_tea,10,0,0,38,-35,0,0,0,0,-86,0,0,0,0,0
facial_cleanser,2,-50,0,45,0,0,0,0,0,0,0,0,0,-81,0
leash,0,29,0,50,-40,0,66,0,0,0,0,0,0,0,0
comic_sleeves,0,-50,-19,0,-29,0,0,-75,0,0,0,0,0,0,0
cheese_grater,-45,0,0,-44,-45,0,0,0,0,-65,0,0,0,0,0
boots,0,0,-5,-20,50,90,0,0,0,0,0,0,0,0,0
makeup_remover,0,-2,50,0,29,0,0,73,0,0,0,0,0,0,0
skates,-36,0,0,-15,6,0,0,0,0,73,0,0,0,0,0
conditioner,0,-50,-40,0,35,0,0,-90,0,0,0,0,0,0,0
eye_drops,50,-46,0,8,0,0,0,0,0,0,0,0,0,-61,0
ironing_board,26,0,-4,0,-2,0,0,0,0,0,96,0,0,0,0
nail_buffer,-50,-19,0,-16,0,0,0,0,0,0,0,0,0,-69,0
spice_grinder,0,9,47,0,-50,0,0,-94,0,0,0,0,0,0,0
powder,-1,50,0,-12,0,0,0,0,0,0,0,0,0,64,0
milkshake,43,34,-50,0,0,0,0,0,0,0,0,0,0,0,-81
pet_bed,50,0,0,-46,0,0,0,0,0,0,0,76,0,0,0
beading_needles,0,0,16,-30,-11,-73,0,0,0,0,0,0,0,0,0
simple_syrup,-14,0,-34,32,0,0,0,0,0,0,0,95,0,0,0
calendar,18,0,8,0,-6,0,0,0,0,0,-71,0,0,0,0
rain_boots,-50,-32,12,0,0,0,0,0,0,0,0,0,0,0,81
cupcake_stand,0,-10,50,0,50,0,0,-89,0,0,0,0,0,0,0
hi_vis_vest,0,50,-8,34,0,0,0,0,-70,0,0,0,0,0,0
crackers,16,0,0,-28,45,0,0,0,0,67,0,0,0,0,0
wax_warmer,0,0,-42,-50,39,-65,0,0,0,0,0,0,0,0,0
spice_rack,-50,0,0,-33,-42,0,0,0,0,94,0,0,0,0,0
daybed,0,0,-10,43,41,55,0,0,0,0,0,0,0,0,0
cold_medicine,-6,-50,12,0,0,0,0,0,0,0,0,0,0,0,68
class,0,-42,16,0,50,0,0,-77,0,0,0,0,0,0,0
bullet_journal,0,-20,-10,0,-34,0,0,65,0,0,0,0,0,0,0
catalog,0,32,0,20,16,0,-57,0,0,0,0,0,0,0,0
tile,0,0,-39,-11,50,-88,0,0,0,0,0,0,0,0,0
smart_curtain_rod,0,-4,45,-23,0,0,0,0,-88,0,0,0,0,0,0
router,50,0,0,-4,6,0,0,0,0,-90,0,0,0,0,0
bike_rack,0,39,-40,0,14,0,0,-83,0,0,0,0,0,0,0
lingerie,-50,10,44,0,0,0,0,0,0,0,0,0,0,0,-64
cruise,0,38,14,0,50,0,0,92,0,0,0,0,0,0,0
pajamas,50,0,-30,2,0,0,0,0,0,0,0,95,0,0,0
spatula,0,0,-46,-50,-26,-90,0,0,0,0,0,0,0,0,0
to_go_container,0,50,14,42,0,0,0,0,62,0,0,0,0,0,0
vacuum_sealer,0,0,50,32,-19,-63,0,0,0,0,0,0,0,0,0
kimono,50,0,-6,18,0,0,0,0,0,0,0,93,0,0,0
electric_toothbrush,0,-1,0,-50,-25,0,-75,0,0,0,0,0,0,0,0
mandoline,-15,-20,32,0,0,0,0,0,0,0,0,0,0,0,-69
hiking_backpack,-50,-49,0,0,5,0,0,0,0,0,0,0,51,0,0
moka_pot,12,30,50,0,0,0,0,0,0,0,0,0,0,0,100
headphones,0,0,-50,-22,14,51,0,0,0,0,0,0,0,0,0
callus_remover,-40,-34,17,0,0,0,0,0,0,0,0,0,0,0,59
car_mat,32,-33,30,0,0,0,0,0,0,0,0,0,0,0,73
landmark,-50,0,0,-42,49,0,0,0,0,95,0,0,0,0,0
golf_umbrella,0,50,0,-9,16,0,64,0,0,0,0,0,0,0,0
colander,0,18,50,14,0,0,0,0,86,0,0,0,0,0,0
tow_strap,18,-13,0,50,0,0,0,0,0,0,0,0,0,76,0
marker,-50,0,-6,0,-37,0,0,0,0,0,78,0,0,0,0
mosquito_net,-50,-46,-38,0,0,0,0,0,0,0,0,0,0,0,-70
monitor,-22,0,0,20,-44,0,0,0,0,-65,0,0,0,0,0
chaise_lounge,-14,8,0,0,-50,0,0,0,0,0,0,0,91,0,0
swimsuit,50,0,0,32,0,0,0,0,0,0,0,97,0,0,0
flower_seeds,50,0,44,-10,0,0,0,0,0,0,0,74,0,0,0
foot_soak,0,0,0,46,50,0,100,0,0,0,0,0,0,0,0
table_lamp,-15,0,50,0,23,0,0,0,0,0,-84,0,0,0,0
flashlight,0,50,0,-28,-28,0,-62,0,0,0,0,0,0,0,0
earmuffs,0,-1,0,-50,-30,0,55,0,0,0,0,0,0,0,0
pottery_wheel,-19,33,-2,0,0,0,0,0,0,0,0,0,0,0,-68
canoe,0,0,28,26,50,-66,0,0,0,0,0,0,0,0,0
dress_shoes,0,35,27,-26,0,0,0,0,-76,0,0,0,0,0,0
incense,42,0,-5,-7,0,0,0,0,0,0,0,74,0,0,0
camcorder,0,40,0,-12,50,0,-73,0,0,0,0,0,0,0,0
spiralizer,0,38,-22,-15,0,0,0,0,-59,0,0,0,0,0,0
quilt,0,-50,42,0,45,0,0,71,0,0,0,0,0,0,0
pillow,-27,-20,0,30,0,0,0,0,0,0,0,0,0,-92,0
popcorn_maker,-27,0,-44,30,0,0,0,0,0,0,0,87,0,0,0
steering_wheel_cover,8,-50,0,-40,0,0,0,0,0,0,0,0,0,58,0
camp_shower,43,0,0,36,33,0,0,0,0,-51,0,0,0,0,0
mortar_pestle,22,-50,0,0,-49,0,0,0,0,0,0,0,90,0,0
whiteboard,0,9,0,50,-49,0,-100,0,0,0,0,0,0,0,0
tutor,0,-50,-16,-50,0,0,0,0,-77,0,0,0,0,0,0
pants,50,0,0,-34,-28,0,0,0,0,75,0,0,0,0,0
ergonomic_keyboard,50,32,0,0,-4,0,0,0,0,0,0,0,97,0,0
3d_resin,33,-32,-15,0,0,0,0,0,0,0,0,0,0,0,85
skateboard,0,0,40,50,-40,54,0,0,0,0,0,0,0,0,0
lunchbox,-22,0,2,0,25,0,0,0,0,0,-65,0,0,0,0
fondue_pot,-16,0,0,8,-50,0,0,0,0,57,0,0,0,0,0
board_game,-2,0,-46,0,-18,0,0,0,0,0,62,0,0,0,0
scarf,-8,0,50,0,16,0,0,0,0,0,-85,0,0,0,0
inhaler,40,0,46,50,0,0,0,0,0,0,0,60,0,0,0
led_strip,0,-18,6,0,32,0,0,92,0,0,0,0,0,0,0
membrane_keyboard,28,0,50,-49,0,0,0,0,0,0,0,-58,0,0,0
pool_float,-16,-4,-50,0,0,0,0,0,0,0,0,0,0,0,-55
trash_bag,0,-44,0,50,-36,0,55,0,0,0,0,0,0,0,0
butter,1,0,-50,0,2,0,0,0,0,0,57,0,0,0,0
pantyhose,0,-50,0,30,44,0,90,0,0,0,0,0,0,0,0
deck_box,28,-12,24,0,0,0,0,0,0,0,0,0,0,0,96
salad_bowl,0,34,0,-32,-34,0,53,0,0,0,0,0,0,0,0
antiseptic,0,0,-34,17,-50,-60,0,0,0,0,0,0,0,0,0
fish,-8,-27,0,0,-4,0,0,0,0,0,0,0,-59,0,0
leggings,0,0,6,0,-15,0,0,0,0,0,76,0,0,0,0
sleeping_pad,-28,50,0,0,-4,0,0,0,0,0,0,0,-62,0,0
charger,0,-44,-18,0,38,0,0,93,0,0,0,0,0,0,0
dice_tray,0,0,-10,42,-50,80,0,0,0,0,0,0,0,0,0
outdoor_tv,29,50,0,6,0,0,0,0,0,0,0,0,0,65,0
screen_tent,3,0,50,-32,0,0,0,0,0,0,0,65,0,0,0
sketch_pens,10,0,0,0,50,0,0,0,0,0,-84,0,0,0,0
heat_tool,0,-50,0,22,-16,0,-64,0,0,0,0,0,0,0,0
frame,24,27,0,-22,0,0,0,0,0,0,0,0,0,-60,0
fabric_softener,14,0,10,-32,0,0,0,0,0,0,0,-79,0,0,0
teething_toy,-10,0,-50,34,0,0,0,0,0,0,0,61,0,0,0
rc_helicopter,0,-39,0,-50,-4,0,-58,0,0,0,0,0,0,0,0
split_keyboard,20,50,0,0,-32,0,0,0,0,0,0,0,100,0,0
fabric_shaver,-4,0,16,0,-50,0,0,0,0,0,-79,0,0,0,0
muscle_rub,9,0,0,-22,-26,0,0,0,0,-59,0,0,0,0,0
soundbar,-38,0,0,50,-12,0,0,0,0,89,0,0,0,0,0
baby_monitor,0,0,-50,15,-18,-63,0,0,0,0,0,0,0,0,0
television,0,-12,-50,0,-12,0,0,-63,0,0,0,0,0,0,0
travel_package,-33,0,4,-4,0,0,0,0,0,0,0,-50,0,0,0
phone_magnifier,0,-36,0,-20,50,0,80,0,0,0,0,0,0,0,0
coffee_scale,-50,0,-32,0,-40,0,0,0,0,0,58,0,0,0,0
bandage,-22,-22,-50,0,0,0,0,0,0,0,0,0,0,0,-64
trivet,50,6,0,-32,0,0,0,0,0,0,0,0,0,-62,0
sunscreen,0,40,-50,0,40,0,0,-62,0,0,0,0,0,0,0
espresso,0,-40,-50,22,0,0,0,0,-95,0,0,0,0,0,0
scaffolding,28,-24,2,0,0,0,0,0,0,0,0,0,0,0,-74
modem,12,0,12,-50,0,0,0,0,0,0,0,82,0,0,0
toboggan,0,50,-46,0,5,0,0,64,0,0,0,0,0,0,0
cable,-4,50,0,0,0,0,0,0,0,0,0,0,0,75,0
oil_dispenser,-42,32,50,0,0,0,0,0,0,0,0,0,0,0,-67
coffee_beans,14,0,-50,-6,0,0,0,0,0,0,0,-77,0,0,0
cornhole_set,0,12,-50,25,0,0,0,0,86,0,0,0,0,0,0
comb,0,0,36,-33,-16,99,0,0,0,0,0,0,0,0,0
apron,0,4,-6,-50,0,0,0,0,57,0,0,0,0,0,0
dehumidifier,-18,0,50,46,0,0,0,0,0,0,0,86,0,0,0
cough_syrup,-50,15,0,0,14,0,0,0,0,0,0,0,58,0,0
kamado,0,50,-6,0,11,0,0,91,0,0,0,0,0,0,0
oven_mitt,-6,0,15,-32,0,0,0,0,0,0,0,-78,0,0,0
salad_spinner,0,-50,41,44,0,0,0,0,83,0,0,0,0,0,0
patio_furniture,-42,-6,30,0,0,0,0,0,0,0,0,0,0,0,68
melon_baller,20,0,0,-18,-13,0,0,0,0,-70,0,0,0,0,0
can_opener,38,34,0,0,-38,0,0,0,0,0,0,0,77,0,0
changing_table,31,0,-50,30,0,0,0,0,0,0,0,-77,0,0,0
noodles,-38,50,-16,0,0,0,0,0,0,0,0,0,0,0,70
chocolate,0,0,44,50,22,-66,0,0,0,0,0,0,0,0,0
straightener,0,0,-14,10,48,-69,0,0,0,0,0,0,0,0,0
lock,0,-44,-50,0,32,0,0,60,0,0,0,0,0,0,0
battery,-50,42,0,30,0,0,0,0,0,0,0,0,0,-78,0
