scenario,i,j,attribute_i,attribute_j,pair_column,v,main_i,main_j,active
loose_leaf_tea,1,2,caffeine_content,leaf_size,v_1_2,0.0,-50.0,48.0,False
loose_leaf_tea,1,3,caffeine_content,oxidation_level,v_1_3,0.0,-50.0,0.0,False
loose_leaf_tea,1,4,caffeine_content,steeping_time,v_1_4,0.0,-50.0,0.0,False
loose_leaf_tea,1,5,caffeine_content,resteep_potential,v_1_5,0.0,-50.0,0.0,False
loose_leaf_tea,2,3,leaf_size,oxidation_level,v_2_3,0.0,48.0,0.0,False
loose_leaf_tea,2,4,leaf_size,steeping_time,v_2_4,0.0,48.0,0.0,False
loose_leaf_tea,2,5,leaf_size,resteep_potential,v_2_5,0.0,48.0,0.0,False
loose_leaf_tea,3,4,oxidation_level,steeping_time,v_3_4,91.0,0.0,0.0,True
loose_leaf_tea,3,5,oxidation_level,resteep_potential,v_3_5,0.0,0.0,0.0,False
loose_leaf_tea,4,5,steeping_time,resteep_potential,v_4_5,0.0,0.0,0.0,False
cutting_board,1,2,board_thickness,surface_area,v_1_2,0.0,-16.0,-37.0,False
cutting_board,1,3,board_thickness,knife_mark_resistance,v_1_3,0.0,-16.0,-2.0,False
cutting_board,1,4,board_thickness,grip_stability,v_1_4,0.0,-16.0,0.0,False
cutting_board,1,5,board_thickness,ease_of_cleaning,v_1_5,0.0,-16.0,0.0,False
cutting_board,2,3,surface_area,knife_mark_resistance,v_2_3,0.0,-37.0,-2.0,False
cutting_board,2,4,surface_area,grip_stability,v_2_4,0.0,-37.0,0.0,False
cutting_board,2,5,surface_area,ease_of_cleaning,v_2_5,0.0,-37.0,0.0,False
cutting_board,3,4,knife_mark_resistance,grip_stability,v_3_4,0.0,-2.0,0.0,False
cutting_board,3,5,knife_mark_resistance,ease_of_cleaning,v_3_5,0.0,-2.0,0.0,False
cutting_board,4,5,grip_stability,ease_of_cleaning,v_4_5,-94.0,0.0,0.0,True
knee_pads,1,2,padding_thickness,strap_width,v_1_2,-51.0,0.0,0.0,True
knee_pads,1,3,padding_thickness,ventilation_holes,v_1_3,0.0,0.0,-30.0,False
knee_pads,1,4,padding_thickness,impact_rating,v_1_4,0.0,0.0,50.0,False
knee_pads,1,5,padding_thickness,coverage_area,v_1_5,0.0,0.0,45.0,False
knee_pads,2,3,strap_width,ventilation_holes,v_2_3,0.0,0.0,-30.0,False
knee_pads,2,4,strap_width,impact_rating,v_2_4,0.0,0.0,50.0,False
knee_pads,2,5,strap_width,coverage_area,v_2_5,0.0,0.0,45.0,False
knee_pads,3,4,ventilation_holes,impact_rating,v_3_4,0.0,-30.0,50.0,False
knee_pads,3,5,ventilation_holes,coverage_area,v_3_5,0.0,-30.0,45.0,False
knee_pads,4,5,impact_rating,coverage_area,v_4_5,0.0,50.0,45.0,False
ice_cream,1,2,creaminess,mix_in_density,v_1_2,-98.0,0.0,0.0,True
ice_cream,1,3,creaminess,serving_size,v_1_3,0.0,0.0,39.0,False
ice_cream,1,4,creaminess,flavor_intensity,v_1_4,0.0,0.0,19.0,False
ice_cream,1,5,creaminess,smoothness,v_1_5,0.0,0.0,48.0,False
ice_cream,2,3,mix_in_density,serving_size,v_2_3,0.0,0.0,39.0,False
ice_cream,2,4,mix_in_density,flavor_intensity,v_2_4,0.0,0.0,19.0,False
ice_cream,2,5,mix_in_density,smoothness,v_2_5,0.0,0.0,48.0,False
ice_cream,3,4,serving_size,flavor_intensity,v_3_4,0.0,39.0,19.0,False
ice_cream,3,5,serving_size,smoothness,v_3_5,0.0,39.0,48.0,False
ice_cream,4,5,flavor_intensity,smoothness,v_4_5,0.0,19.0,48.0,False
painters_tape,1,2,clean_removal_time,uv_resistance,v_1_2,0.0,-11.0,0.0,False
painters_tape,1,3,clean_removal_time,width,v_1_3,0.0,-11.0,0.0,False
painters_tape,1,4,clean_removal_time,paint_bleed_resistance,v_1_4,0.0,-11.0,0.0,False
painters_tape,1,5,clean_removal_time,roll_length,v_1_5,0.0,-11.0,-50.0,False
painters_tape,2,3,uv_resistance,width,v_2_3,0.0,0.0,0.0,False
painters_tape,2,4,uv_resistance,paint_bleed_resistance,v_2_4,0.0,0.0,0.0,False
painters_tape,2,5,uv_resistance,roll_length,v_2_5,0.0,0.0,-50.0,False
painters_tape,3,4,width,paint_bleed_resistance,v_3_4,51.0,0.0,0.0,True
painters_tape,3,5,width,roll_length,v_3_5,0.0,0.0,-50.0,False
painters_tape,4,5,paint_bleed_resistance,roll_length,v_4_5,0.0,0.0,-50.0,False
olive_pitter,1,2,pitting_speed,splash_containment,v_1_2,0.0,-10.0,0.0,False
olive_pitter,1,3,pitting_speed,pit_accuracy,v_1_3,0.0,-10.0,0.0,False
olive_pitter,1,4,pitting_speed,olive_damage,v_1_4,0.0,-10.0,-48.0,False
olive_pitter,1,5,pitting_speed,handle_comfort,v_1_5,0.0,-10.0,16.0,False
olive_pitter,2,3,splash_containment,pit_accuracy,v_2_3,-97.0,0.0,0.0,True
olive_pitter,2,4,splash_containment,olive_damage,v_2_4,0.0,0.0,-48.0,False
olive_pitter,2,5,splash_containment,handle_comfort,v_2_5,0.0,0.0,16.0,False
olive_pitter,3,4,pit_accuracy,olive_damage,v_3_4,0.0,0.0,-48.0,False
olive_pitter,3,5,pit_accuracy,handle_comfort,v_3_5,0.0,0.0,16.0,False
olive_pitter,4,5,olive_damage,handle_comfort,v_4_5,0.0,-48.0,16.0,False
wood_burner,1,2,max_temperature,heat_up_time,v_1_2,0.0,0.0,26.0,False
wood_burner,1,3,max_temperature,tip_varieties,v_1_3,0.0,0.0,24.0,False
wood_burner,1,4,max_temperature,cord_length,v_1_4,0.0,0.0,50.0,False
wood_burner,1,5,max_temperature,temperature_stability,v_1_5,68.0,0.0,0.0,True
wood_burner,2,3,heat_up_time,tip_varieties,v_2_3,0.0,26.0,24.0,False
wood_burner,2,4,heat_up_time,cord_length,v_2_4,0.0,26.0,50.0,False
wood_burner,2,5,heat_up_time,temperature_stability,v_2_5,0.0,26.0,0.0,False
wood_burner,3,4,tip_varieties,cord_length,v_3_4,0.0,24.0,50.0,False
wood_burner,3,5,tip_varieties,temperature_stability,v_3_5,0.0,24.0,0.0,False
wood_burner,4,5,cord_length,temperature_stability,v_4_5,0.0,50.0,0.0,False
hotel,1,2,distance_to_city_center,room_size,v_1_2,65.0,0.0,0.0,True
hotel,1,3,distance_to_city_center,guest_rating,v_1_3,0.0,0.0,46.0,False
hotel,1,4,distance_to_city_center,noise_level,v_1_4,0.0,0.0,0.0,False
hotel,1,5,distance_to_city_center,age_of_property,v_1_5,0.0,0.0,12.0,False
hotel,2,3,room_size,guest_rating,v_2_3,0.0,0.0,46.0,False
hotel,2,4,room_size,noise_level,v_2_4,0.0,0.0,0.0,False
hotel,2,5,room_size,age_of_property,v_2_5,0.0,0.0,12.0,False
hotel,3,4,guest_rating,noise_level,v_3_4,0.0,46.0,0.0,False
hotel,3,5,guest_rating,age_of_property,v_3_5,0.0,46.0,12.0,False
hotel,4,5,noise_level,age_of_property,v_4_5,0.0,0.0,12.0,False
hot_glue_sticks,1,2,stick_length,holding_strength,v_1_2,0.0,32.0,0.0,False
hot_glue_sticks,1,3,stick_length,drying_time,v_1_3,0.0,32.0,22.0,False
hot_glue_sticks,1,4,stick_length,flexibility_when_dry,v_1_4,0.0,32.0,0.0,False
hot_glue_sticks,1,5,stick_length,quantity_per_pack,v_1_5,0.0,32.0,50.0,False
hot_glue_sticks,2,3,holding_strength,drying_time,v_2_3,0.0,0.0,22.0,False
hot_glue_sticks,2,4,holding_strength,flexibility_when_dry,v_2_4,-78.0,0.0,0.0,True
hot_glue_sticks,2,5,holding_strength,quantity_per_pack,v_2_5,0.0,0.0,50.0,False
hot_glue_sticks,3,4,drying_time,flexibility_when_dry,v_3_4,0.0,22.0,0.0,False
hot_glue_sticks,3,5,drying_time,quantity_per_pack,v_3_5,0.0,22.0,50.0,False
hot_glue_sticks,4,5,flexibility_when_dry,quantity_per_pack,v_4_5,0.0,0.0,50.0,False
scrunchie,1,2,scrunchie_diameter,elastic_strength,v_1_2,52.0,0.0,0.0,True
scrunchie,1,3,scrunchie_diameter,fabric_volume,v_1_3,0.0,0.0,-43.0,False
scrunchie,1,4,scrunchie_diameter,ruffle_depth,v_1_4,0.0,0.0,44.0,False
scrunchie,1,5,scrunchie_diameter,fabric_softness,v_1_5,0.0,0.0,-16.0,False
scrunchie,2,3,elastic_strength,fabric_volume,v_2_3,0.0,0.0,-43.0,False
scrunchie,2,4,elastic_strength,ruffle_depth,v_2_4,0.0,0.0,44.0,False
scrunchie,2,5,elastic_strength,fabric_softness,v_2_5,0.0,0.0,-16.0,False
scrunchie,3,4,fabric_volume,ruffle_depth,v_3_4,0.0,-43.0,44.0,False
scrunchie,3,5,fabric_volume,fabric_softness,v_3_5,0.0,-43.0,-16.0,False
scrunchie,4,5,ruffle_depth,fabric_softness,v_4_5,0.0,44.0,-16.0,False
rfid_wallet,1,2,blocking_effectiveness,card_capacity,v_1_2,0.0,0.0,50.0,False
rfid_wallet,1,3,blocking_effectiveness,expected_lifespan,v_1_3,0.0,0.0,16.0,False
rfid_wallet,1,4,blocking_effectiveness,thickness,v_1_4,-50.0,0.0,0.0,True
rfid_wallet,1,5,blocking_effectiveness,scratch_resistance,v_1_5,0.0,0.0,21.0,False
rfid_wallet,2,3,card_capacity,expected_lifespan,v_2_3,0.0,50.0,16.0,False
rfid_wallet,2,4,card_capacity,thickness,v_2_4,0.0,50.0,0.0,False
rfid_wallet,2,5,card_capacity,scratch_resistance,v_2_5,0.0,50.0,21.0,False
rfid_wallet,3,4,expected_lifespan,thickness,v_3_4,0.0,16.0,0.0,False
rfid_wallet,3,5,expected_lifespan,scratch_resistance,v_3_5,0.0,16.0,21.0,False
rfid_wallet,4,5,thickness,scratch_resistance,v_4_5,0.0,0.0,21.0,False
blush,1,2,color_intensity,blend_time,v_1_2,0.0,38.0,6.0,False
blush,1,3,color_intensity,staying_power,v_1_3,0.0,38.0,50.0,False
blush,1,4,color_intensity,shimmer_level,v_1_4,0.0,38.0,0.0,False
blush,1,5,color_intensity,buildability,v_1_5,0.0,38.0,0.0,False
blush,2,3,blend_time,staying_power,v_2_3,0.0,6.0,50.0,False
blush,2,4,blend_time,shimmer_level,v_2_4,0.0,6.0,0.0,False
blush,2,5,blend_time,buildability,v_2_5,0.0,6.0,0.0,False
blush,3,4,staying_power,shimmer_level,v_3_4,0.0,50.0,0.0,False
blush,3,5,staying_power,buildability,v_3_5,0.0,50.0,0.0,False
blush,4,5,shimmer_level,buildability,v_4_5,79.0,0.0,0.0,True
cocktail_kit,1,2,number_of_tools,shaker_capacity,v_1_2,0.0,50.0,20.0,False
cocktail_kit,1,3,number_of_tools,number_of_recipes,v_1_3,0.0,50.0,0.0,False
cocktail_kit,1,4,number_of_tools,tool_durability,v_1_4,0.0,50.0,28.0,False
cocktail_kit,1,5,number_of_tools,storage_case_size,v_1_5,0.0,50.0,0.0,False
cocktail_kit,2,3,shaker_capacity,number_of_recipes,v_2_3,0.0,20.0,0.0,False
cocktail_kit,2,4,shaker_capacity,tool_durability,v_2_4,0.0,20.0,28.0,False
cocktail_kit,2,5,shaker_capacity,storage_case_size,v_2_5,0.0,20.0,0.0,False
cocktail_kit,3,4,number_of_recipes,tool_durability,v_3_4,0.0,0.0,28.0,False
cocktail_kit,3,5,number_of_recipes,storage_case_size,v_3_5,-83.0,0.0,0.0,True
cocktail_kit,4,5,tool_durability,storage_case_size,v_4_5,0.0,28.0,0.0,False
security_camera,1,2,resolution,field_of_view,v_1_2,0.0,31.0,-32.0,False
security_camera,1,3,resolution,night_vision_range,v_1_3,0.0,31.0,0.0,False
security_camera,1,4,resolution,storage_capacity,v_1_4,0.0,31.0,-2.0,False
security_camera,1,5,resolution,motion_detection_range,v_1_5,0.0,31.0,0.0,False
security_camera,2,3,field_of_view,night_vision_range,v_2_3,0.0,-32.0,0.0,False
security_camera,2,4,field_of_view,storage_capacity,v_2_4,0.0,-32.0,-2.0,False
security_camera,2,5,field_of_view,motion_detection_range,v_2_5,0.0,-32.0,0.0,False
security_camera,3,4,night_vision_range,storage_capacity,v_3_4,0.0,0.0,-2.0,False
security_camera,3,5,night_vision_range,motion_detection_range,v_3_5,-82.0,0.0,0.0,True
security_camera,4,5,storage_capacity,motion_detection_range,v_4_5,0.0,-2.0,0.0,False
shuffleboard_table,1,2,playing_surface_length,climate_adjustability,v_1_2,0.0,-8.0,32.0,False
shuffleboard_table,1,3,playing_surface_length,surface_flatness,v_1_3,0.0,-8.0,-8.0,False
shuffleboard_table,1,4,playing_surface_length,wood_hardness,v_1_4,0.0,-8.0,0.0,False
shuffleboard_table,1,5,playing_surface_length,puck_smoothness,v_1_5,0.0,-8.0,0.0,False
shuffleboard_table,2,3,climate_adjustability,surface_flatness,v_2_3,0.0,32.0,-8.0,False
shuffleboard_table,2,4,climate_adjustability,wood_hardness,v_2_4,0.0,32.0,0.0,False
shuffleboard_table,2,5,climate_adjustability,puck_smoothness,v_2_5,0.0,32.0,0.0,False
shuffleboard_table,3,4,surface_flatness,wood_hardness,v_3_4,0.0,-8.0,0.0,False
shuffleboard_table,3,5,surface_flatness,puck_smoothness,v_3_5,0.0,-8.0,0.0,False
shuffleboard_table,4,5,wood_hardness,puck_smoothness,v_4_5,79.0,0.0,0.0,True
reusable_bag,1,2,load_capacity,folded_volume,v_1_2,0.0,0.0,48.0,False
reusable_bag,1,3,load_capacity,strap_length,v_1_3,52.0,0.0,0.0,True
reusable_bag,1,4,load_capacity,washability,v_1_4,0.0,0.0,8.0,False
reusable_bag,1,5,load_capacity,water_resistance,v_1_5,0.0,0.0,-50.0,False
reusable_bag,2,3,folded_volume,strap_length,v_2_3,0.0,48.0,0.0,False
reusable_bag,2,4,folded_volume,washability,v_2_4,0.0,48.0,8.0,False
reusable_bag,2,5,folded_volume,water_resistance,v_2_5,0.0,48.0,-50.0,False
reusable_bag,3,4,strap_length,washability,v_3_4,0.0,0.0,8.0,False
reusable_bag,3,5,strap_length,water_resistance,v_3_5,0.0,0.0,-50.0,False
reusable_bag,4,5,washability,water_resistance,v_4_5,0.0,8.0,-50.0,False
luggage_tag,1,2,durability_rating,visibility_distance,v_1_2,0.0,35.0,0.0,False
luggage_tag,1,3,durability_rating,information_capacity,v_1_3,0.0,35.0,0.0,False
luggage_tag,1,4,durability_rating,water_resistance,v_1_4,0.0,35.0,-50.0,False
luggage_tag,1,5,durability_rating,attachment_strength,v_1_5,0.0,35.0,-50.0,False
luggage_tag,2,3,visibility_distance,information_capacity,v_2_3,-67.0,0.0,0.0,True
luggage_tag,2,4,visibility_distance,water_resistance,v_2_4,0.0,0.0,-50.0,False
luggage_tag,2,5,visibility_distance,attachment_strength,v_2_5,0.0,0.0,-50.0,False
luggage_tag,3,4,information_capacity,water_resistance,v_3_4,0.0,0.0,-50.0,False
luggage_tag,3,5,information_capacity,attachment_strength,v_3_5,0.0,0.0,-50.0,False
luggage_tag,4,5,water_resistance,attachment_strength,v_4_5,0.0,-50.0,-50.0,False
inversion_table,1,2,max_inversion_angle,height_capacity,v_1_2,0.0,-46.0,14.0,False
inversion_table,1,3,max_inversion_angle,ankle_cushioning_thickness,v_1_3,0.0,-46.0,0.0,False
inversion_table,1,4,max_inversion_angle,frame_thickness,v_1_4,0.0,-46.0,-50.0,False
inversion_table,1,5,max_inversion_angle,backrest_padding_thickness,v_1_5,0.0,-46.0,0.0,False
inversion_table,2,3,height_capacity,ankle_cushioning_thickness,v_2_3,0.0,14.0,0.0,False
inversion_table,2,4,height_capacity,frame_thickness,v_2_4,0.0,14.0,-50.0,False
inversion_table,2,5,height_capacity,backrest_padding_thickness,v_2_5,0.0,14.0,0.0,False
inversion_table,3,4,ankle_cushioning_thickness,frame_thickness,v_3_4,0.0,0.0,-50.0,False
inversion_table,3,5,ankle_cushioning_thickness,backrest_padding_thickness,v_3_5,-92.0,0.0,0.0,True
inversion_table,4,5,frame_thickness,backrest_padding_thickness,v_4_5,0.0,-50.0,0.0,False
shower_curtain,1,2,pattern_coverage,transparency,v_1_2,74.0,0.0,0.0,True
shower_curtain,1,3,pattern_coverage,curtain_width,v_1_3,0.0,0.0,-10.0,False
shower_curtain,1,4,pattern_coverage,curtain_height,v_1_4,0.0,0.0,-39.0,False
shower_curtain,1,5,pattern_coverage,weight,v_1_5,0.0,0.0,-6.0,False
shower_curtain,2,3,transparency,curtain_width,v_2_3,0.0,0.0,-10.0,False
shower_curtain,2,4,transparency,curtain_height,v_2_4,0.0,0.0,-39.0,False
shower_curtain,2,5,transparency,weight,v_2_5,0.0,0.0,-6.0,False
shower_curtain,3,4,curtain_width,curtain_height,v_3_4,0.0,-10.0,-39.0,False
shower_curtain,3,5,curtain_width,weight,v_3_5,0.0,-10.0,-6.0,False
shower_curtain,4,5,curtain_height,weight,v_4_5,0.0,-39.0,-6.0,False
milk_storage_bags,1,2,storage_capacity,leak_resistance_rating,v_1_2,0.0,0.0,50.0,False
milk_storage_bags,1,3,storage_capacity,freezer_life,v_1_3,0.0,0.0,-41.0,False
milk_storage_bags,1,4,storage_capacity,material_thickness,v_1_4,0.0,0.0,-42.0,False
milk_storage_bags,1,5,storage_capacity,pour_spout_width,v_1_5,51.0,0.0,0.0,True
milk_storage_bags,2,3,leak_resistance_rating,freezer_life,v_2_3,0.0,50.0,-41.0,False
milk_storage_bags,2,4,leak_resistance_rating,material_thickness,v_2_4,0.0,50.0,-42.0,False
milk_storage_bags,2,5,leak_resistance_rating,pour_spout_width,v_2_5,0.0,50.0,0.0,False
milk_storage_bags,3,4,freezer_life,material_thickness,v_3_4,0.0,-41.0,-42.0,False
milk_storage_bags,3,5,freezer_life,pour_spout_width,v_3_5,0.0,-41.0,0.0,False
milk_storage_bags,4,5,material_thickness,pour_spout_width,v_4_5,0.0,-42.0,0.0,False
nail_file,1,2,grit_level,file_length,v_1_2,0.0,-30.0,-11.0,False
nail_file,1,3,grit_level,thickness,v_1_3,0.0,-30.0,0.0,False
nail_file,1,4,grit_level,flexibility_rating,v_1_4,0.0,-30.0,50.0,False
nail_file,1,5,grit_level,durability_score,v_1_5,0.0,-30.0,0.0,False
nail_file,2,3,file_length,thickness,v_2_3,0.0,-11.0,0.0,False
nail_file,2,4,file_length,flexibility_rating,v_2_4,0.0,-11.0,50.0,False
nail_file,2,5,file_length,durability_score,v_2_5,0.0,-11.0,0.0,False
nail_file,3,4,thickness,flexibility_rating,v_3_4,0.0,0.0,50.0,False
nail_file,3,5,thickness,durability_score,v_3_5,84.0,0.0,0.0,True
nail_file,4,5,flexibility_rating,durability_score,v_4_5,0.0,50.0,0.0,False
pasta_maker,1,2,max_sheet_width,number_thickness_settings,v_1_2,0.0,35.0,50.0,False
pasta_maker,1,3,max_sheet_width,number_cutting_attachments,v_1_3,0.0,35.0,0.0,False
pasta_maker,1,4,max_sheet_width,warranty_length,v_1_4,0.0,35.0,20.0,False
pasta_maker,1,5,max_sheet_width,weight,v_1_5,0.0,35.0,0.0,False
pasta_maker,2,3,number_thickness_settings,number_cutting_attachments,v_2_3,0.0,50.0,0.0,False
pasta_maker,2,4,number_thickness_settings,warranty_length,v_2_4,0.0,50.0,20.0,False
pasta_maker,2,5,number_thickness_settings,weight,v_2_5,0.0,50.0,0.0,False
pasta_maker,3,4,number_cutting_attachments,warranty_length,v_3_4,0.0,0.0,20.0,False
pasta_maker,3,5,number_cutting_attachments,weight,v_3_5,-75.0,0.0,0.0,True
pasta_maker,4,5,warranty_length,weight,v_4_5,0.0,20.0,0.0,False
washing_machine,1,2,capacity,spin_speed,v_1_2,0.0,0.0,50.0,False
washing_machine,1,3,capacity,energy_efficiency,v_1_3,0.0,0.0,26.0,False
washing_machine,1,4,capacity,noise_level,v_1_4,-53.0,0.0,0.0,True
washing_machine,1,5,capacity,cycle_duration,v_1_5,0.0,0.0,39.0,False
washing_machine,2,3,spin_speed,energy_efficiency,v_2_3,0.0,50.0,26.0,False
washing_machine,2,4,spin_speed,noise_level,v_2_4,0.0,50.0,0.0,False
washing_machine,2,5,spin_speed,cycle_duration,v_2_5,0.0,50.0,39.0,False
washing_machine,3,4,energy_efficiency,noise_level,v_3_4,0.0,26.0,0.0,False
washing_machine,3,5,energy_efficiency,cycle_duration,v_3_5,0.0,26.0,39.0,False
washing_machine,4,5,noise_level,cycle_duration,v_4_5,0.0,0.0,39.0,False
easel,1,2,max_canvas_height,tray_capacity,v_1_2,0.0,-22.0,0.0,False
easel,1,3,max_canvas_height,height_adjustment_range,v_1_3,0.0,-22.0,-22.0,False
easel,1,4,max_canvas_height,storage_slots,v_1_4,0.0,-22.0,50.0,False
easel,1,5,max_canvas_height,tilt_angle_range,v_1_5,0.0,-22.0,0.0,False
easel,2,3,tray_capacity,height_adjustment_range,v_2_3,0.0,0.0,-22.0,False
easel,2,4,tray_capacity,storage_slots,v_2_4,0.0,0.0,50.0,False
easel,2,5,tray_capacity,tilt_angle_range,v_2_5,58.0,0.0,0.0,True
easel,3,4,height_adjustment_range,storage_slots,v_3_4,0.0,-22.0,50.0,False
easel,3,5,height_adjustment_range,tilt_angle_range,v_3_5,0.0,-22.0,0.0,False
easel,4,5,storage_slots,tilt_angle_range,v_4_5,0.0,50.0,0.0,False
salmon,1,2,color_intensity,fat_content,v_1_2,0.0,-50.0,38.0,False
salmon,1,3,color_intensity,freshness_rating,v_1_3,0.0,-50.0,-47.0,False
salmon,1,4,color_intensity,portion_size,v_1_4,0.0,-50.0,0.0,False
salmon,1,5,color_intensity,wild_caught_certainty,v_1_5,0.0,-50.0,0.0,False
salmon,2,3,fat_content,freshness_rating,v_2_3,0.0,38.0,-47.0,False
salmon,2,4,fat_content,portion_size,v_2_4,0.0,38.0,0.0,False
salmon,2,5,fat_content,wild_caught_certainty,v_2_5,0.0,38.0,0.0,False
salmon,3,4,freshness_rating,portion_size,v_3_4,0.0,-47.0,0.0,False
salmon,3,5,freshness_rating,wild_caught_certainty,v_3_5,0.0,-47.0,0.0,False
salmon,4,5,portion_size,wild_caught_certainty,v_4_5,60.0,0.0,0.0,True
magnetic_calendar,1,2,surface_area,magnetic_strength,v_1_2,0.0,0.0,40.0,False
magnetic_calendar,1,3,surface_area,writing_space_per_day,v_1_3,0.0,0.0,30.0,False
magnetic_calendar,1,4,surface_area,included_magnets,v_1_4,0.0,0.0,14.0,False
magnetic_calendar,1,5,surface_area,additional_note_space,v_1_5,56.0,0.0,0.0,True
magnetic_calendar,2,3,magnetic_strength,writing_space_per_day,v_2_3,0.0,40.0,30.0,False
magnetic_calendar,2,4,magnetic_strength,included_magnets,v_2_4,0.0,40.0,14.0,False
magnetic_calendar,2,5,magnetic_strength,additional_note_space,v_2_5,0.0,40.0,0.0,False
magnetic_calendar,3,4,writing_space_per_day,included_magnets,v_3_4,0.0,30.0,14.0,False
magnetic_calendar,3,5,writing_space_per_day,additional_note_space,v_3_5,0.0,30.0,0.0,False
magnetic_calendar,4,5,included_magnets,additional_note_space,v_4_5,0.0,14.0,0.0,False
ham,1,2,curing_time,smoke_intensity,v_1_2,0.0,-37.0,0.0,False
ham,1,3,curing_time,salt_content,v_1_3,0.0,-37.0,-8.0,False
ham,1,4,curing_time,moisture_content,v_1_4,0.0,-37.0,-38.0,False
ham,1,5,curing_time,protein_content,v_1_5,0.0,-37.0,0.0,False
ham,2,3,smoke_intensity,salt_content,v_2_3,0.0,0.0,-8.0,False
ham,2,4,smoke_intensity,moisture_content,v_2_4,0.0,0.0,-38.0,False
ham,2,5,smoke_intensity,protein_content,v_2_5,82.0,0.0,0.0,True
ham,3,4,salt_content,moisture_content,v_3_4,0.0,-8.0,-38.0,False
ham,3,5,salt_content,protein_content,v_3_5,0.0,-8.0,0.0,False
ham,4,5,moisture_content,protein_content,v_4_5,0.0,-38.0,0.0,False
snow_blower,1,2,clearing_width,throwing_distance,v_1_2,0.0,0.0,-18.0,False
snow_blower,1,3,clearing_width,intake_height,v_1_3,0.0,0.0,38.0,False
snow_blower,1,4,clearing_width,runtime,v_1_4,0.0,0.0,42.0,False
snow_blower,1,5,clearing_width,noise_level,v_1_5,86.0,0.0,0.0,True
snow_blower,2,3,throwing_distance,intake_height,v_2_3,0.0,-18.0,38.0,False
snow_blower,2,4,throwing_distance,runtime,v_2_4,0.0,-18.0,42.0,False
snow_blower,2,5,throwing_distance,noise_level,v_2_5,0.0,-18.0,0.0,False
snow_blower,3,4,intake_height,runtime,v_3_4,0.0,38.0,42.0,False
snow_blower,3,5,intake_height,noise_level,v_3_5,0.0,38.0,0.0,False
snow_blower,4,5,runtime,noise_level,v_4_5,0.0,42.0,0.0,False
ecg_monitor,1,2,battery_life,recording_duration,v_1_2,0.0,42.0,-24.0,False
ecg_monitor,1,3,battery_life,data_transfer_speed,v_1_3,0.0,42.0,0.0,False
ecg_monitor,1,4,battery_life,display_resolution,v_1_4,0.0,42.0,26.0,False
ecg_monitor,1,5,battery_life,storage_capacity,v_1_5,0.0,42.0,0.0,False
ecg_monitor,2,3,recording_duration,data_transfer_speed,v_2_3,0.0,-24.0,0.0,False
ecg_monitor,2,4,recording_duration,display_resolution,v_2_4,0.0,-24.0,26.0,False
ecg_monitor,2,5,recording_duration,storage_capacity,v_2_5,0.0,-24.0,0.0,False
ecg_monitor,3,4,data_transfer_speed,display_resolution,v_3_4,0.0,0.0,26.0,False
ecg_monitor,3,5,data_transfer_speed,storage_capacity,v_3_5,93.0,0.0,0.0,True
ecg_monitor,4,5,display_resolution,storage_capacity,v_4_5,0.0,26.0,0.0,False
dslr_camera,1,2,sensor_resolution,continuous_shooting_speed,v_1_2,0.0,0.0,29.0,False
dslr_camera,1,3,sensor_resolution,battery_life,v_1_3,0.0,0.0,4.0,False
dslr_camera,1,4,sensor_resolution,max_iso,v_1_4,-60.0,0.0,0.0,True
dslr_camera,1,5,sensor_resolution,weight,v_1_5,0.0,0.0,-50.0,False
dslr_camera,2,3,continuous_shooting_speed,battery_life,v_2_3,0.0,29.0,4.0,False
dslr_camera,2,4,continuous_shooting_speed,max_iso,v_2_4,0.0,29.0,0.0,False
dslr_camera,2,5,continuous_shooting_speed,weight,v_2_5,0.0,29.0,-50.0,False
dslr_camera,3,4,battery_life,max_iso,v_3_4,0.0,4.0,0.0,False
dslr_camera,3,5,battery_life,weight,v_3_5,0.0,4.0,-50.0,False
dslr_camera,4,5,max_iso,weight,v_4_5,0.0,0.0,-50.0,False
convertible,1,2,top_operation_time,acceleration,v_1_2,0.0,50.0,0.0,False
convertible,1,3,top_operation_time,trunk_space_top_down,v_1_3,0.0,50.0,32.0,False
convertible,1,4,top_operation_time,wind_noise,v_1_4,0.0,50.0,0.0,False
convertible,1,5,top_operation_time,rollover_protection,v_1_5,0.0,50.0,42.0,False
convertible,2,3,acceleration,trunk_space_top_down,v_2_3,0.0,0.0,32.0,False
convertible,2,4,acceleration,wind_noise,v_2_4,71.0,0.0,0.0,True
convertible,2,5,acceleration,rollover_protection,v_2_5,0.0,0.0,42.0,False
convertible,3,4,trunk_space_top_down,wind_noise,v_3_4,0.0,32.0,0.0,False
convertible,3,5,trunk_space_top_down,rollover_protection,v_3_5,0.0,32.0,42.0,False
convertible,4,5,wind_noise,rollover_protection,v_4_5,0.0,0.0,42.0,False
washi_tape,1,2,tape_width,adhesive_strength,v_1_2,0.0,-44.0,-30.0,False
washi_tape,1,3,tape_width,roll_length,v_1_3,0.0,-44.0,0.0,False
washi_tape,1,4,tape_width,pattern_repeat_length,v_1_4,0.0,-44.0,0.0,False
washi_tape,1,5,tape_width,opacity_percentage,v_1_5,0.0,-44.0,24.0,False
washi_tape,2,3,adhesive_strength,roll_length,v_2_3,0.0,-30.0,0.0,False
washi_tape,2,4,adhesive_strength,pattern_repeat_length,v_2_4,0.0,-30.0,0.0,False
washi_tape,2,5,adhesive_strength,opacity_percentage,v_2_5,0.0,-30.0,24.0,False
washi_tape,3,4,roll_length,pattern_repeat_length,v_3_4,-87.0,0.0,0.0,True
washi_tape,3,5,roll_length,opacity_percentage,v_3_5,0.0,0.0,24.0,False
washi_tape,4,5,pattern_repeat_length,opacity_percentage,v_4_5,0.0,0.0,24.0,False
dry_bag,1,2,capacity,waterproof_rating,v_1_2,0.0,0.0,-43.0,False
dry_bag,1,3,capacity,weight,v_1_3,0.0,0.0,-50.0,False
dry_bag,1,4,capacity,compression_ratio,v_1_4,-71.0,0.0,0.0,True
dry_bag,1,5,capacity,strap_length,v_1_5,0.0,0.0,40.0,False
dry_bag,2,3,waterproof_rating,weight,v_2_3,0.0,-43.0,-50.0,False
dry_bag,2,4,waterproof_rating,compression_ratio,v_2_4,0.0,-43.0,0.0,False
dry_bag,2,5,waterproof_rating,strap_length,v_2_5,0.0,-43.0,40.0,False
dry_bag,3,4,weight,compression_ratio,v_3_4,0.0,-50.0,0.0,False
dry_bag,3,5,weight,strap_length,v_3_5,0.0,-50.0,40.0,False
dry_bag,4,5,compression_ratio,strap_length,v_4_5,0.0,0.0,40.0,False
hair_dryer,1,2,power_output,cord_length,v_1_2,0.0,-45.0,10.0,False
hair_dryer,1,3,power_output,weight,v_1_3,0.0,-45.0,50.0,False
hair_dryer,1,4,power_output,noise_level,v_1_4,0.0,-45.0,0.0,False
hair_dryer,1,5,power_output,heat_settings,v_1_5,0.0,-45.0,0.0,False
hair_dryer,2,3,cord_length,weight,v_2_3,0.0,10.0,50.0,False
hair_dryer,2,4,cord_length,noise_level,v_2_4,0.0,10.0,0.0,False
hair_dryer,2,5,cord_length,heat_settings,v_2_5,0.0,10.0,0.0,False
hair_dryer,3,4,weight,noise_level,v_3_4,0.0,50.0,0.0,False
hair_dryer,3,5,weight,heat_settings,v_3_5,0.0,50.0,0.0,False
hair_dryer,4,5,noise_level,heat_settings,v_4_5,-67.0,0.0,0.0,True
balance_board,1,2,platform_diameter,max_tilt_angle,v_1_2,0.0,0.0,-26.0,False
balance_board,1,3,platform_diameter,grip_surface_area,v_1_3,-68.0,0.0,0.0,True
balance_board,1,4,platform_diameter,weight_capacity,v_1_4,0.0,0.0,-48.0,False
balance_board,1,5,platform_diameter,platform_thickness,v_1_5,0.0,0.0,50.0,False
balance_board,2,3,max_tilt_angle,grip_surface_area,v_2_3,0.0,-26.0,0.0,False
balance_board,2,4,max_tilt_angle,weight_capacity,v_2_4,0.0,-26.0,-48.0,False
balance_board,2,5,max_tilt_angle,platform_thickness,v_2_5,0.0,-26.0,50.0,False
balance_board,3,4,grip_surface_area,weight_capacity,v_3_4,0.0,0.0,-48.0,False
balance_board,3,5,grip_surface_area,platform_thickness,v_3_5,0.0,0.0,50.0,False
balance_board,4,5,weight_capacity,platform_thickness,v_4_5,0.0,-48.0,50.0,False
hoodie,1,2,fabric_weight,cotton_percentage,v_1_2,-65.0,0.0,0.0,True
hoodie,1,3,fabric_weight,pocket_size,v_1_3,0.0,0.0,-42.0,False
hoodie,1,4,fabric_weight,sleeve_length,v_1_4,0.0,0.0,-40.0,False
hoodie,1,5,fabric_weight,hood_size,v_1_5,0.0,0.0,40.0,False
hoodie,2,3,cotton_percentage,pocket_size,v_2_3,0.0,0.0,-42.0,False
hoodie,2,4,cotton_percentage,sleeve_length,v_2_4,0.0,0.0,-40.0,False
hoodie,2,5,cotton_percentage,hood_size,v_2_5,0.0,0.0,40.0,False
hoodie,3,4,pocket_size,sleeve_length,v_3_4,0.0,-42.0,-40.0,False
hoodie,3,5,pocket_size,hood_size,v_3_5,0.0,-42.0,40.0,False
hoodie,4,5,sleeve_length,hood_size,v_4_5,0.0,-40.0,40.0,False
loan,1,2,interest_rate,loan_term,v_1_2,0.0,0.0,13.0,False
loan,1,3,interest_rate,funding_speed,v_1_3,0.0,0.0,-50.0,False
loan,1,4,interest_rate,payment_flexibility,v_1_4,-77.0,0.0,0.0,True
loan,1,5,interest_rate,early_payoff_penalty,v_1_5,0.0,0.0,27.0,False
loan,2,3,loan_term,funding_speed,v_2_3,0.0,13.0,-50.0,False
loan,2,4,loan_term,payment_flexibility,v_2_4,0.0,13.0,0.0,False
loan,2,5,loan_term,early_payoff_penalty,v_2_5,0.0,13.0,27.0,False
loan,3,4,funding_speed,payment_flexibility,v_3_4,0.0,-50.0,0.0,False
loan,3,5,funding_speed,early_payoff_penalty,v_3_5,0.0,-50.0,27.0,False
loan,4,5,payment_flexibility,early_payoff_penalty,v_4_5,0.0,0.0,27.0,False
mold_test,1,2,types_detected,lab_processing_time,v_1_2,0.0,44.0,0.0,False
mold_test,1,3,types_detected,sample_area_coverage,v_1_3,0.0,44.0,0.0,False
mold_test,1,4,types_detected,detection_sensitivity,v_1_4,0.0,44.0,44.0,False
mold_test,1,5,types_detected,number_of_samples,v_1_5,0.0,44.0,-22.0,False
mold_test,2,3,lab_processing_time,sample_area_coverage,v_2_3,70.0,0.0,0.0,True
mold_test,2,4,lab_processing_time,detection_sensitivity,v_2_4,0.0,0.0,44.0,False
mold_test,2,5,lab_processing_time,number_of_samples,v_2_5,0.0,0.0,-22.0,False
mold_test,3,4,sample_area_coverage,detection_sensitivity,v_3_4,0.0,0.0,44.0,False
mold_test,3,5,sample_area_coverage,number_of_samples,v_3_5,0.0,0.0,-22.0,False
mold_test,4,5,detection_sensitivity,number_of_samples,v_4_5,0.0,44.0,-22.0,False
boxing_gloves,1,2,padding_density,wrist_support_length,v_1_2,0.0,-41.0,0.0,False
boxing_gloves,1,3,padding_density,ventilation_rating,v_1_3,0.0,-41.0,0.0,False
boxing_gloves,1,4,padding_density,impact_absorption,v_1_4,0.0,-41.0,-50.0,False
boxing_gloves,1,5,padding_density,flexibility_rating,v_1_5,0.0,-41.0,50.0,False
boxing_gloves,2,3,wrist_support_length,ventilation_rating,v_2_3,78.0,0.0,0.0,True
boxing_gloves,2,4,wrist_support_length,impact_absorption,v_2_4,0.0,0.0,-50.0,False
boxing_gloves,2,5,wrist_support_length,flexibility_rating,v_2_5,0.0,0.0,50.0,False
boxing_gloves,3,4,ventilation_rating,impact_absorption,v_3_4,0.0,0.0,-50.0,False
boxing_gloves,3,5,ventilation_rating,flexibility_rating,v_3_5,0.0,0.0,50.0,False
boxing_gloves,4,5,impact_absorption,flexibility_rating,v_4_5,0.0,-50.0,50.0,False
citrus_juicer,1,2,juice_yield,pulp_filtration,v_1_2,0.0,-12.0,-12.0,False
citrus_juicer,1,3,juice_yield,max_fruit_diameter,v_1_3,0.0,-12.0,0.0,False
citrus_juicer,1,4,juice_yield,stability_rating,v_1_4,0.0,-12.0,0.0,False
citrus_juicer,1,5,juice_yield,ease_of_cleaning,v_1_5,0.0,-12.0,12.0,False
citrus_juicer,2,3,pulp_filtration,max_fruit_diameter,v_2_3,0.0,-12.0,0.0,False
citrus_juicer,2,4,pulp_filtration,stability_rating,v_2_4,0.0,-12.0,0.0,False
citrus_juicer,2,5,pulp_filtration,ease_of_cleaning,v_2_5,0.0,-12.0,12.0,False
citrus_juicer,3,4,max_fruit_diameter,stability_rating,v_3_4,-66.0,0.0,0.0,True
citrus_juicer,3,5,max_fruit_diameter,ease_of_cleaning,v_3_5,0.0,0.0,12.0,False
citrus_juicer,4,5,stability_rating,ease_of_cleaning,v_4_5,0.0,0.0,12.0,False
stopwatch,1,2,display_size,memory_capacity,v_1_2,0.0,-30.0,0.0,False
stopwatch,1,3,display_size,battery_life,v_1_3,0.0,-30.0,50.0,False
stopwatch,1,4,display_size,water_resistance,v_1_4,0.0,-30.0,0.0,False
stopwatch,1,5,display_size,weight,v_1_5,0.0,-30.0,20.0,False
stopwatch,2,3,memory_capacity,battery_life,v_2_3,0.0,0.0,50.0,False
stopwatch,2,4,memory_capacity,water_resistance,v_2_4,61.0,0.0,0.0,True
stopwatch,2,5,memory_capacity,weight,v_2_5,0.0,0.0,20.0,False
stopwatch,3,4,battery_life,water_resistance,v_3_4,0.0,50.0,0.0,False
stopwatch,3,5,battery_life,weight,v_3_5,0.0,50.0,20.0,False
stopwatch,4,5,water_resistance,weight,v_4_5,0.0,0.0,20.0,False
fins,1,2,blade_length,thrust_power,v_1_2,0.0,5.0,-23.0,False
fins,1,3,blade_length,flexibility_rating,v_1_3,0.0,5.0,0.0,False
fins,1,4,blade_length,energy_efficiency,v_1_4,0.0,5.0,0.0,False
fins,1,5,blade_length,ventilation_area,v_1_5,0.0,5.0,-26.0,False
fins,2,3,thrust_power,flexibility_rating,v_2_3,0.0,-23.0,0.0,False
fins,2,4,thrust_power,energy_efficiency,v_2_4,0.0,-23.0,0.0,False
fins,2,5,thrust_power,ventilation_area,v_2_5,0.0,-23.0,-26.0,False
fins,3,4,flexibility_rating,energy_efficiency,v_3_4,-91.0,0.0,0.0,True
fins,3,5,flexibility_rating,ventilation_area,v_3_5,0.0,0.0,-26.0,False
fins,4,5,energy_efficiency,ventilation_area,v_4_5,0.0,0.0,-26.0,False
lip_scrub,1,2,exfoliant_particle_size,moisturizing_duration,v_1_2,0.0,0.0,-18.0,False
lip_scrub,1,3,exfoliant_particle_size,scrub_intensity,v_1_3,0.0,0.0,-29.0,False
lip_scrub,1,4,exfoliant_particle_size,product_longevity,v_1_4,100.0,0.0,0.0,True
lip_scrub,1,5,exfoliant_particle_size,absorption_time,v_1_5,0.0,0.0,-49.0,False
lip_scrub,2,3,moisturizing_duration,scrub_intensity,v_2_3,0.0,-18.0,-29.0,False
lip_scrub,2,4,moisturizing_duration,product_longevity,v_2_4,0.0,-18.0,0.0,False
lip_scrub,2,5,moisturizing_duration,absorption_time,v_2_5,0.0,-18.0,-49.0,False
lip_scrub,3,4,scrub_intensity,product_longevity,v_3_4,0.0,-29.0,0.0,False
lip_scrub,3,5,scrub_intensity,absorption_time,v_3_5,0.0,-29.0,-49.0,False
lip_scrub,4,5,product_longevity,absorption_time,v_4_5,0.0,0.0,-49.0,False
hoe,1,2,handle_length,blade_width,v_1_2,0.0,44.0,50.0,False
hoe,1,3,handle_length,handle_grip_comfort,v_1_3,0.0,44.0,-25.0,False
hoe,1,4,handle_length,tool_weight,v_1_4,0.0,44.0,0.0,False
hoe,1,5,handle_length,durability,v_1_5,0.0,44.0,0.0,False
hoe,2,3,blade_width,handle_grip_comfort,v_2_3,0.0,50.0,-25.0,False
hoe,2,4,blade_width,tool_weight,v_2_4,0.0,50.0,0.0,False
hoe,2,5,blade_width,durability,v_2_5,0.0,50.0,0.0,False
hoe,3,4,handle_grip_comfort,tool_weight,v_3_4,0.0,-25.0,0.0,False
hoe,3,5,handle_grip_comfort,durability,v_3_5,0.0,-25.0,0.0,False
hoe,4,5,tool_weight,durability,v_4_5,-65.0,0.0,0.0,True
pilates_ring,1,2,ring_diameter,resistance_level,v_1_2,0.0,0.0,42.0,False
pilates_ring,1,3,ring_diameter,padding_thickness,v_1_3,-90.0,0.0,0.0,True
pilates_ring,1,4,ring_diameter,grip_quality,v_1_4,0.0,0.0,-32.0,False
pilates_ring,1,5,ring_diameter,flexibility_rating,v_1_5,0.0,0.0,50.0,False
pilates_ring,2,3,resistance_level,padding_thickness,v_2_3,0.0,42.0,0.0,False
pilates_ring,2,4,resistance_level,grip_quality,v_2_4,0.0,42.0,-32.0,False
pilates_ring,2,5,resistance_level,flexibility_rating,v_2_5,0.0,42.0,50.0,False
pilates_ring,3,4,padding_thickness,grip_quality,v_3_4,0.0,0.0,-32.0,False
pilates_ring,3,5,padding_thickness,flexibility_rating,v_3_5,0.0,0.0,50.0,False
pilates_ring,4,5,grip_quality,flexibility_rating,v_4_5,0.0,-32.0,50.0,False
oven,1,2,capacity,max_temperature,v_1_2,0.0,0.0,26.0,False
oven,1,3,capacity,preheat_time,v_1_3,54.0,0.0,0.0,True
oven,1,4,capacity,rack_positions,v_1_4,0.0,0.0,-3.0,False
oven,1,5,capacity,self_clean_duration,v_1_5,0.0,0.0,36.0,False
oven,2,3,max_temperature,preheat_time,v_2_3,0.0,26.0,0.0,False
oven,2,4,max_temperature,rack_positions,v_2_4,0.0,26.0,-3.0,False
oven,2,5,max_temperature,self_clean_duration,v_2_5,0.0,26.0,36.0,False
oven,3,4,preheat_time,rack_positions,v_3_4,0.0,0.0,-3.0,False
oven,3,5,preheat_time,self_clean_duration,v_3_5,0.0,0.0,36.0,False
oven,4,5,rack_positions,self_clean_duration,v_4_5,0.0,-3.0,36.0,False
sparkling_water,1,2,carbonation_level,mineral_content,v_1_2,0.0,2.0,0.0,False
sparkling_water,1,3,carbonation_level,bottle_size,v_1_3,0.0,2.0,-44.0,False
sparkling_water,1,4,carbonation_level,flavor_intensity,v_1_4,0.0,2.0,0.0,False
sparkling_water,1,5,carbonation_level,bubble_size,v_1_5,0.0,2.0,-50.0,False
sparkling_water,2,3,mineral_content,bottle_size,v_2_3,0.0,0.0,-44.0,False
sparkling_water,2,4,mineral_content,flavor_intensity,v_2_4,56.0,0.0,0.0,True
sparkling_water,2,5,mineral_content,bubble_size,v_2_5,0.0,0.0,-50.0,False
sparkling_water,3,4,bottle_size,flavor_intensity,v_3_4,0.0,-44.0,0.0,False
sparkling_water,3,5,bottle_size,bubble_size,v_3_5,0.0,-44.0,-50.0,False
sparkling_water,4,5,flavor_intensity,bubble_size,v_4_5,0.0,0.0,-50.0,False
gas_can,1,2,capacity,flow_rate,v_1_2,0.0,28.0,45.0,False
gas_can,1,3,capacity,durability_rating,v_1_3,0.0,28.0,0.0,False
gas_can,1,4,capacity,spout_length,v_1_4,0.0,28.0,-50.0,False
gas_can,1,5,capacity,empty_weight,v_1_5,0.0,28.0,0.0,False
gas_can,2,3,flow_rate,durability_rating,v_2_3,0.0,45.0,0.0,False
gas_can,2,4,flow_rate,spout_length,v_2_4,0.0,45.0,-50.0,False
gas_can,2,5,flow_rate,empty_weight,v_2_5,0.0,45.0,0.0,False
gas_can,3,4,durability_rating,spout_length,v_3_4,0.0,0.0,-50.0,False
gas_can,3,5,durability_rating,empty_weight,v_3_5,-99.0,0.0,0.0,True
gas_can,4,5,spout_length,empty_weight,v_4_5,0.0,-50.0,0.0,False
golf_cart,1,2,max_speed,battery_life,v_1_2,0.0,0.0,50.0,False
golf_cart,1,3,max_speed,seat_comfort,v_1_3,0.0,0.0,38.0,False
golf_cart,1,4,max_speed,storage_capacity,v_1_4,0.0,0.0,50.0,False
golf_cart,1,5,max_speed,turning_radius,v_1_5,-69.0,0.0,0.0,True
golf_cart,2,3,battery_life,seat_comfort,v_2_3,0.0,50.0,38.0,False
golf_cart,2,4,battery_life,storage_capacity,v_2_4,0.0,50.0,50.0,False
golf_cart,2,5,battery_life,turning_radius,v_2_5,0.0,50.0,0.0,False
golf_cart,3,4,seat_comfort,storage_capacity,v_3_4,0.0,38.0,50.0,False
golf_cart,3,5,seat_comfort,turning_radius,v_3_5,0.0,38.0,0.0,False
golf_cart,4,5,storage_capacity,turning_radius,v_4_5,0.0,50.0,0.0,False
tongs,1,2,grip_length,total_length,v_1_2,0.0,0.0,-50.0,False
tongs,1,3,grip_length,grip_cushioning,v_1_3,77.0,0.0,0.0,True
tongs,1,4,grip_length,spring_tension,v_1_4,0.0,0.0,24.0,False
tongs,1,5,grip_length,heat_resistance,v_1_5,0.0,0.0,-36.0,False
tongs,2,3,total_length,grip_cushioning,v_2_3,0.0,-50.0,0.0,False
tongs,2,4,total_length,spring_tension,v_2_4,0.0,-50.0,24.0,False
tongs,2,5,total_length,heat_resistance,v_2_5,0.0,-50.0,-36.0,False
tongs,3,4,grip_cushioning,spring_tension,v_3_4,0.0,0.0,24.0,False
tongs,3,5,grip_cushioning,heat_resistance,v_3_5,0.0,0.0,-36.0,False
tongs,4,5,spring_tension,heat_resistance,v_4_5,0.0,24.0,-36.0,False
sippy_cup,1,2,capacity,spout_size,v_1_2,0.0,7.0,0.0,False
sippy_cup,1,3,capacity,handle_length,v_1_3,0.0,7.0,50.0,False
sippy_cup,1,4,capacity,spill_resistance,v_1_4,0.0,7.0,0.0,False
sippy_cup,1,5,capacity,grip_texture,v_1_5,0.0,7.0,-15.0,False
sippy_cup,2,3,spout_size,handle_length,v_2_3,0.0,0.0,50.0,False
sippy_cup,2,4,spout_size,spill_resistance,v_2_4,-66.0,0.0,0.0,True
sippy_cup,2,5,spout_size,grip_texture,v_2_5,0.0,0.0,-15.0,False
sippy_cup,3,4,handle_length,spill_resistance,v_3_4,0.0,50.0,0.0,False
sippy_cup,3,5,handle_length,grip_texture,v_3_5,0.0,50.0,-15.0,False
sippy_cup,4,5,spill_resistance,grip_texture,v_4_5,0.0,0.0,-15.0,False
windshield_cover,1,2,water_resistance,insulation_rating,v_1_2,0.0,-2.0,0.0,False
windshield_cover,1,3,water_resistance,uv_protection,v_1_3,0.0,-2.0,45.0,False
windshield_cover,1,4,water_resistance,fold_compactness,v_1_4,0.0,-2.0,0.0,False
windshield_cover,1,5,water_resistance,wind_resistance,v_1_5,0.0,-2.0,-50.0,False
windshield_cover,2,3,insulation_rating,uv_protection,v_2_3,0.0,0.0,45.0,False
windshield_cover,2,4,insulation_rating,fold_compactness,v_2_4,-87.0,0.0,0.0,True
windshield_cover,2,5,insulation_rating,wind_resistance,v_2_5,0.0,0.0,-50.0,False
windshield_cover,3,4,uv_protection,fold_compactness,v_3_4,0.0,45.0,0.0,False
windshield_cover,3,5,uv_protection,wind_resistance,v_3_5,0.0,45.0,-50.0,False
windshield_cover,4,5,fold_compactness,wind_resistance,v_4_5,0.0,0.0,-50.0,False
console,1,2,storage_capacity,exclusive_games,v_1_2,0.0,-50.0,-32.0,False
console,1,3,storage_capacity,processing_power,v_1_3,0.0,-50.0,44.0,False
console,1,4,storage_capacity,online_players,v_1_4,0.0,-50.0,0.0,False
console,1,5,storage_capacity,warranty_length,v_1_5,0.0,-50.0,0.0,False
console,2,3,exclusive_games,processing_power,v_2_3,0.0,-32.0,44.0,False
console,2,4,exclusive_games,online_players,v_2_4,0.0,-32.0,0.0,False
console,2,5,exclusive_games,warranty_length,v_2_5,0.0,-32.0,0.0,False
console,3,4,processing_power,online_players,v_3_4,0.0,44.0,0.0,False
console,3,5,processing_power,warranty_length,v_3_5,0.0,44.0,0.0,False
console,4,5,online_players,warranty_length,v_4_5,-64.0,0.0,0.0,True
stapler,1,2,staple_capacity,max_sheet_capacity,v_1_2,0.0,0.0,-38.0,False
stapler,1,3,staple_capacity,grip_comfort,v_1_3,0.0,0.0,-22.0,False
stapler,1,4,staple_capacity,jam_resistance,v_1_4,0.0,0.0,46.0,False
stapler,1,5,staple_capacity,durability,v_1_5,-70.0,0.0,0.0,True
stapler,2,3,max_sheet_capacity,grip_comfort,v_2_3,0.0,-38.0,-22.0,False
stapler,2,4,max_sheet_capacity,jam_resistance,v_2_4,0.0,-38.0,46.0,False
stapler,2,5,max_sheet_capacity,durability,v_2_5,0.0,-38.0,0.0,False
stapler,3,4,grip_comfort,jam_resistance,v_3_4,0.0,-22.0,46.0,False
stapler,3,5,grip_comfort,durability,v_3_5,0.0,-22.0,0.0,False
stapler,4,5,jam_resistance,durability,v_4_5,0.0,46.0,0.0,False
jewelry_kit,1,2,tool_quantity,findings_quantity,v_1_2,0.0,-1.0,0.0,False
jewelry_kit,1,3,tool_quantity,storage_compartments,v_1_3,0.0,-1.0,0.0,False
jewelry_kit,1,4,tool_quantity,plier_grip_length,v_1_4,0.0,-1.0,-16.0,False
jewelry_kit,1,5,tool_quantity,organization_rating,v_1_5,0.0,-1.0,11.0,False
jewelry_kit,2,3,findings_quantity,storage_compartments,v_2_3,-53.0,0.0,0.0,True
jewelry_kit,2,4,findings_quantity,plier_grip_length,v_2_4,0.0,0.0,-16.0,False
jewelry_kit,2,5,findings_quantity,organization_rating,v_2_5,0.0,0.0,11.0,False
jewelry_kit,3,4,storage_compartments,plier_grip_length,v_3_4,0.0,0.0,-16.0,False
jewelry_kit,3,5,storage_compartments,organization_rating,v_3_5,0.0,0.0,11.0,False
jewelry_kit,4,5,plier_grip_length,organization_rating,v_4_5,0.0,-16.0,11.0,False
antenna,1,2,reception_range,number_of_channels_received,v_1_2,0.0,0.0,31.0,False
antenna,1,3,reception_range,signal_strength,v_1_3,0.0,0.0,17.0,False
antenna,1,4,reception_range,weather_resistance,v_1_4,0.0,0.0,-16.0,False
antenna,1,5,reception_range,size_compactness,v_1_5,69.0,0.0,0.0,True
antenna,2,3,number_of_channels_received,signal_strength,v_2_3,0.0,31.0,17.0,False
antenna,2,4,number_of_channels_received,weather_resistance,v_2_4,0.0,31.0,-16.0,False
antenna,2,5,number_of_channels_received,size_compactness,v_2_5,0.0,31.0,0.0,False
antenna,3,4,signal_strength,weather_resistance,v_3_4,0.0,17.0,-16.0,False
antenna,3,5,signal_strength,size_compactness,v_3_5,0.0,17.0,0.0,False
antenna,4,5,weather_resistance,size_compactness,v_4_5,0.0,-16.0,0.0,False
house,1,2,lot_size,square_footage,v_1_2,0.0,28.0,50.0,False
house,1,3,lot_size,age_of_house,v_1_3,0.0,28.0,-18.0,False
house,1,4,lot_size,distance_to_school,v_1_4,0.0,28.0,0.0,False
house,1,5,lot_size,energy_efficiency,v_1_5,0.0,28.0,0.0,False
house,2,3,square_footage,age_of_house,v_2_3,0.0,50.0,-18.0,False
house,2,4,square_footage,distance_to_school,v_2_4,0.0,50.0,0.0,False
house,2,5,square_footage,energy_efficiency,v_2_5,0.0,50.0,0.0,False
house,3,4,age_of_house,distance_to_school,v_3_4,0.0,-18.0,0.0,False
house,3,5,age_of_house,energy_efficiency,v_3_5,0.0,-18.0,0.0,False
house,4,5,distance_to_school,energy_efficiency,v_4_5,-57.0,0.0,0.0,True
electric_grill,1,2,cooking_surface_area,max_temperature,v_1_2,0.0,0.0,50.0,False
electric_grill,1,3,cooking_surface_area,heat_up_time,v_1_3,0.0,0.0,8.0,False
electric_grill,1,4,cooking_surface_area,power_rating,v_1_4,0.0,0.0,-35.0,False
electric_grill,1,5,cooking_surface_area,cord_length,v_1_5,-81.0,0.0,0.0,True
electric_grill,2,3,max_temperature,heat_up_time,v_2_3,0.0,50.0,8.0,False
electric_grill,2,4,max_temperature,power_rating,v_2_4,0.0,50.0,-35.0,False
electric_grill,2,5,max_temperature,cord_length,v_2_5,0.0,50.0,0.0,False
electric_grill,3,4,heat_up_time,power_rating,v_3_4,0.0,8.0,-35.0,False
electric_grill,3,5,heat_up_time,cord_length,v_3_5,0.0,8.0,0.0,False
electric_grill,4,5,power_rating,cord_length,v_4_5,0.0,-35.0,0.0,False
tea,1,2,caffeine_content,steeping_time,v_1_2,-66.0,0.0,0.0,True
tea,1,3,caffeine_content,antioxidant_level,v_1_3,0.0,0.0,-22.0,False
tea,1,4,caffeine_content,aroma_intensity,v_1_4,0.0,0.0,2.0,False
tea,1,5,caffeine_content,astringency,v_1_5,0.0,0.0,-50.0,False
tea,2,3,steeping_time,antioxidant_level,v_2_3,0.0,0.0,-22.0,False
tea,2,4,steeping_time,aroma_intensity,v_2_4,0.0,0.0,2.0,False
tea,2,5,steeping_time,astringency,v_2_5,0.0,0.0,-50.0,False
tea,3,4,antioxidant_level,aroma_intensity,v_3_4,0.0,-22.0,2.0,False
tea,3,5,antioxidant_level,astringency,v_3_5,0.0,-22.0,-50.0,False
tea,4,5,aroma_intensity,astringency,v_4_5,0.0,2.0,-50.0,False
lint_roller,1,2,sheet_count,roller_width,v_1_2,0.0,14.0,-26.0,False
lint_roller,1,3,sheet_count,adhesive_strength,v_1_3,0.0,14.0,45.0,False
lint_roller,1,4,sheet_count,handle_length,v_1_4,0.0,14.0,0.0,False
lint_roller,1,5,sheet_count,grip_comfort,v_1_5,0.0,14.0,0.0,False
lint_roller,2,3,roller_width,adhesive_strength,v_2_3,0.0,-26.0,45.0,False
lint_roller,2,4,roller_width,handle_length,v_2_4,0.0,-26.0,0.0,False
lint_roller,2,5,roller_width,grip_comfort,v_2_5,0.0,-26.0,0.0,False
lint_roller,3,4,adhesive_strength,handle_length,v_3_4,0.0,45.0,0.0,False
lint_roller,3,5,adhesive_strength,grip_comfort,v_3_5,0.0,45.0,0.0,False
lint_roller,4,5,handle_length,grip_comfort,v_4_5,-78.0,0.0,0.0,True
diaper_bag,1,2,storage_volume,number_of_pockets,v_1_2,0.0,40.0,0.0,False
diaper_bag,1,3,storage_volume,strap_length,v_1_3,0.0,40.0,40.0,False
diaper_bag,1,4,storage_volume,bag_weight,v_1_4,0.0,40.0,50.0,False
diaper_bag,1,5,storage_volume,water_resistance,v_1_5,0.0,40.0,0.0,False
diaper_bag,2,3,number_of_pockets,strap_length,v_2_3,0.0,0.0,40.0,False
diaper_bag,2,4,number_of_pockets,bag_weight,v_2_4,0.0,0.0,50.0,False
diaper_bag,2,5,number_of_pockets,water_resistance,v_2_5,-70.0,0.0,0.0,True
diaper_bag,3,4,strap_length,bag_weight,v_3_4,0.0,40.0,50.0,False
diaper_bag,3,5,strap_length,water_resistance,v_3_5,0.0,40.0,0.0,False
diaper_bag,4,5,bag_weight,water_resistance,v_4_5,0.0,50.0,0.0,False
sponges,1,2,durability,scrubbing_power,v_1_2,0.0,-10.0,22.0,False
sponges,1,3,durability,absorption_capacity,v_1_3,0.0,-10.0,0.0,False
sponges,1,4,durability,bacteria_resistance,v_1_4,0.0,-10.0,-50.0,False
sponges,1,5,durability,drying_speed,v_1_5,0.0,-10.0,0.0,False
sponges,2,3,scrubbing_power,absorption_capacity,v_2_3,0.0,22.0,0.0,False
sponges,2,4,scrubbing_power,bacteria_resistance,v_2_4,0.0,22.0,-50.0,False
sponges,2,5,scrubbing_power,drying_speed,v_2_5,0.0,22.0,0.0,False
sponges,3,4,absorption_capacity,bacteria_resistance,v_3_4,0.0,0.0,-50.0,False
sponges,3,5,absorption_capacity,drying_speed,v_3_5,57.0,0.0,0.0,True
sponges,4,5,bacteria_resistance,drying_speed,v_4_5,0.0,-50.0,0.0,False
popcorn,1,2,serving_size,fiber_content,v_1_2,0.0,18.0,-24.0,False
popcorn,1,3,serving_size,butter_content,v_1_3,0.0,18.0,0.0,False
popcorn,1,4,serving_size,sodium_content,v_1_4,0.0,18.0,6.0,False
popcorn,1,5,serving_size,calories_per_serving,v_1_5,0.0,18.0,0.0,False
popcorn,2,3,fiber_content,butter_content,v_2_3,0.0,-24.0,0.0,False
popcorn,2,4,fiber_content,sodium_content,v_2_4,0.0,-24.0,6.0,False
popcorn,2,5,fiber_content,calories_per_serving,v_2_5,0.0,-24.0,0.0,False
popcorn,3,4,butter_content,sodium_content,v_3_4,0.0,0.0,6.0,False
popcorn,3,5,butter_content,calories_per_serving,v_3_5,87.0,0.0,0.0,True
popcorn,4,5,sodium_content,calories_per_serving,v_4_5,0.0,6.0,0.0,False
recliner,1,2,recline_angle,seat_width,v_1_2,0.0,-50.0,0.0,False
recliner,1,3,recline_angle,cushion_thickness,v_1_3,0.0,-50.0,0.0,False
recliner,1,4,recline_angle,lumbar_support,v_1_4,0.0,-50.0,35.0,False
recliner,1,5,recline_angle,footrest_length,v_1_5,0.0,-50.0,-30.0,False
recliner,2,3,seat_width,cushion_thickness,v_2_3,-84.0,0.0,0.0,True
recliner,2,4,seat_width,lumbar_support,v_2_4,0.0,0.0,35.0,False
recliner,2,5,seat_width,footrest_length,v_2_5,0.0,0.0,-30.0,False
recliner,3,4,cushion_thickness,lumbar_support,v_3_4,0.0,0.0,35.0,False
recliner,3,5,cushion_thickness,footrest_length,v_3_5,0.0,0.0,-30.0,False
recliner,4,5,lumbar_support,footrest_length,v_4_5,0.0,35.0,-30.0,False
arrows,1,2,straightness,spine_stiffness,v_1_2,0.0,0.0,-28.0,False
arrows,1,3,straightness,weight_grains,v_1_3,0.0,0.0,38.0,False
arrows,1,4,straightness,durability_rating,v_1_4,81.0,0.0,0.0,True
arrows,1,5,straightness,fletching_length,v_1_5,0.0,0.0,-8.0,False
arrows,2,3,spine_stiffness,weight_grains,v_2_3,0.0,-28.0,38.0,False
arrows,2,4,spine_stiffness,durability_rating,v_2_4,0.0,-28.0,0.0,False
arrows,2,5,spine_stiffness,fletching_length,v_2_5,0.0,-28.0,-8.0,False
arrows,3,4,weight_grains,durability_rating,v_3_4,0.0,38.0,0.0,False
arrows,3,5,weight_grains,fletching_length,v_3_5,0.0,38.0,-8.0,False
arrows,4,5,durability_rating,fletching_length,v_4_5,0.0,0.0,-8.0,False
pattern_weights,1,2,weight_per_piece,stability,v_1_2,0.0,0.0,-50.0,False
pattern_weights,1,3,weight_per_piece,fabric_protection,v_1_3,-57.0,0.0,0.0,True
pattern_weights,1,4,weight_per_piece,pieces_per_set,v_1_4,0.0,0.0,50.0,False
pattern_weights,1,5,weight_per_piece,ease_of_placement,v_1_5,0.0,0.0,-39.0,False
pattern_weights,2,3,stability,fabric_protection,v_2_3,0.0,-50.0,0.0,False
pattern_weights,2,4,stability,pieces_per_set,v_2_4,0.0,-50.0,50.0,False
pattern_weights,2,5,stability,ease_of_placement,v_2_5,0.0,-50.0,-39.0,False
pattern_weights,3,4,fabric_protection,pieces_per_set,v_3_4,0.0,0.0,50.0,False
pattern_weights,3,5,fabric_protection,ease_of_placement,v_3_5,0.0,0.0,-39.0,False
pattern_weights,4,5,pieces_per_set,ease_of_placement,v_4_5,0.0,50.0,-39.0,False
wheelbarrow,1,2,load_capacity,tray_volume,v_1_2,0.0,0.0,-50.0,False
wheelbarrow,1,3,load_capacity,tire_diameter,v_1_3,0.0,0.0,-21.0,False
wheelbarrow,1,4,load_capacity,handle_grip_comfort,v_1_4,-82.0,0.0,0.0,True
wheelbarrow,1,5,load_capacity,stability_rating,v_1_5,0.0,0.0,23.0,False
wheelbarrow,2,3,tray_volume,tire_diameter,v_2_3,0.0,-50.0,-21.0,False
wheelbarrow,2,4,tray_volume,handle_grip_comfort,v_2_4,0.0,-50.0,0.0,False
wheelbarrow,2,5,tray_volume,stability_rating,v_2_5,0.0,-50.0,23.0,False
wheelbarrow,3,4,tire_diameter,handle_grip_comfort,v_3_4,0.0,-21.0,0.0,False
wheelbarrow,3,5,tire_diameter,stability_rating,v_3_5,0.0,-21.0,23.0,False
wheelbarrow,4,5,handle_grip_comfort,stability_rating,v_4_5,0.0,0.0,23.0,False
soil,1,2,nutrient_content,moisture_retention,v_1_2,0.0,-20.0,0.0,False
soil,1,3,nutrient_content,organic_matter,v_1_3,0.0,-20.0,-10.0,False
soil,1,4,nutrient_content,drainage_rating,v_1_4,0.0,-20.0,0.0,False
soil,1,5,nutrient_content,ph_level,v_1_5,0.0,-20.0,42.0,False
soil,2,3,moisture_retention,organic_matter,v_2_3,0.0,0.0,-10.0,False
soil,2,4,moisture_retention,drainage_rating,v_2_4,-57.0,0.0,0.0,True
soil,2,5,moisture_retention,ph_level,v_2_5,0.0,0.0,42.0,False
soil,3,4,organic_matter,drainage_rating,v_3_4,0.0,-10.0,0.0,False
soil,3,5,organic_matter,ph_level,v_3_5,0.0,-10.0,42.0,False
soil,4,5,drainage_rating,ph_level,v_4_5,0.0,0.0,42.0,False
sleeping_bag,1,2,temperature_rating,packed_volume,v_1_2,0.0,-10.0,-9.0,False
sleeping_bag,1,3,temperature_rating,insulation_loft,v_1_3,0.0,-10.0,-34.0,False
sleeping_bag,1,4,temperature_rating,interior_length,v_1_4,0.0,-10.0,0.0,False
sleeping_bag,1,5,temperature_rating,shoulder_girth,v_1_5,0.0,-10.0,0.0,False
sleeping_bag,2,3,packed_volume,insulation_loft,v_2_3,0.0,-9.0,-34.0,False
sleeping_bag,2,4,packed_volume,interior_length,v_2_4,0.0,-9.0,0.0,False
sleeping_bag,2,5,packed_volume,shoulder_girth,v_2_5,0.0,-9.0,0.0,False
sleeping_bag,3,4,insulation_loft,interior_length,v_3_4,0.0,-34.0,0.0,False
sleeping_bag,3,5,insulation_loft,shoulder_girth,v_3_5,0.0,-34.0,0.0,False
sleeping_bag,4,5,interior_length,shoulder_girth,v_4_5,57.0,0.0,0.0,True
paper_towel,1,2,sheet_size,sheets_per_roll,v_1_2,0.0,15.0,-12.0,False
paper_towel,1,3,sheet_size,absorption_capacity,v_1_3,0.0,15.0,-30.0,False
paper_towel,1,4,sheet_size,wet_strength,v_1_4,0.0,15.0,0.0,False
paper_towel,1,5,sheet_size,thickness,v_1_5,0.0,15.0,0.0,False
paper_towel,2,3,sheets_per_roll,absorption_capacity,v_2_3,0.0,-12.0,-30.0,False
paper_towel,2,4,sheets_per_roll,wet_strength,v_2_4,0.0,-12.0,0.0,False
paper_towel,2,5,sheets_per_roll,thickness,v_2_5,0.0,-12.0,0.0,False
paper_towel,3,4,absorption_capacity,wet_strength,v_3_4,0.0,-30.0,0.0,False
paper_towel,3,5,absorption_capacity,thickness,v_3_5,0.0,-30.0,0.0,False
paper_towel,4,5,wet_strength,thickness,v_4_5,-79.0,0.0,0.0,True
outdoor_tv_cover,1,2,water_resistance,uv_protection,v_1_2,0.0,0.0,2.0,False
outdoor_tv_cover,1,3,water_resistance,material_thickness,v_1_3,0.0,0.0,45.0,False
outdoor_tv_cover,1,4,water_resistance,ventilation_holes,v_1_4,89.0,0.0,0.0,True
outdoor_tv_cover,1,5,water_resistance,ease_of_installation,v_1_5,0.0,0.0,50.0,False
outdoor_tv_cover,2,3,uv_protection,material_thickness,v_2_3,0.0,2.0,45.0,False
outdoor_tv_cover,2,4,uv_protection,ventilation_holes,v_2_4,0.0,2.0,0.0,False
outdoor_tv_cover,2,5,uv_protection,ease_of_installation,v_2_5,0.0,2.0,50.0,False
outdoor_tv_cover,3,4,material_thickness,ventilation_holes,v_3_4,0.0,45.0,0.0,False
outdoor_tv_cover,3,5,material_thickness,ease_of_installation,v_3_5,0.0,45.0,50.0,False
outdoor_tv_cover,4,5,ventilation_holes,ease_of_installation,v_4_5,0.0,0.0,50.0,False
tamper,1,2,base_diameter,handle_length,v_1_2,0.0,28.0,0.0,False
tamper,1,3,base_diameter,total_weight,v_1_3,0.0,28.0,4.0,False
tamper,1,4,base_diameter,surface_smoothness,v_1_4,0.0,28.0,30.0,False
tamper,1,5,base_diameter,grip_comfort,v_1_5,0.0,28.0,0.0,False
tamper,2,3,handle_length,total_weight,v_2_3,0.0,0.0,4.0,False
tamper,2,4,handle_length,surface_smoothness,v_2_4,0.0,0.0,30.0,False
tamper,2,5,handle_length,grip_comfort,v_2_5,89.0,0.0,0.0,True
tamper,3,4,total_weight,surface_smoothness,v_3_4,0.0,4.0,30.0,False
tamper,3,5,total_weight,grip_comfort,v_3_5,0.0,4.0,0.0,False
tamper,4,5,surface_smoothness,grip_comfort,v_4_5,0.0,30.0,0.0,False
garment_steamer,1,2,water_capacity,heat_up_time,v_1_2,0.0,0.0,30.0,False
garment_steamer,1,3,water_capacity,steam_time,v_1_3,0.0,0.0,50.0,False
garment_steamer,1,4,water_capacity,cord_length,v_1_4,0.0,0.0,32.0,False
garment_steamer,1,5,water_capacity,steam_output,v_1_5,90.0,0.0,0.0,True
garment_steamer,2,3,heat_up_time,steam_time,v_2_3,0.0,30.0,50.0,False
garment_steamer,2,4,heat_up_time,cord_length,v_2_4,0.0,30.0,32.0,False
garment_steamer,2,5,heat_up_time,steam_output,v_2_5,0.0,30.0,0.0,False
garment_steamer,3,4,steam_time,cord_length,v_3_4,0.0,50.0,32.0,False
garment_steamer,3,5,steam_time,steam_output,v_3_5,0.0,50.0,0.0,False
garment_steamer,4,5,cord_length,steam_output,v_4_5,0.0,32.0,0.0,False
alcohol_markers,1,2,color_count,ink_capacity,v_1_2,0.0,-50.0,0.0,False
alcohol_markers,1,3,color_count,tip_firmness,v_1_3,0.0,-50.0,0.0,False
alcohol_markers,1,4,color_count,bleed_resistance,v_1_4,0.0,-50.0,29.0,False
alcohol_markers,1,5,color_count,stroke_smoothness,v_1_5,0.0,-50.0,-10.0,False
alcohol_markers,2,3,ink_capacity,tip_firmness,v_2_3,-99.0,0.0,0.0,True
alcohol_markers,2,4,ink_capacity,bleed_resistance,v_2_4,0.0,0.0,29.0,False
alcohol_markers,2,5,ink_capacity,stroke_smoothness,v_2_5,0.0,0.0,-10.0,False
alcohol_markers,3,4,tip_firmness,bleed_resistance,v_3_4,0.0,0.0,29.0,False
alcohol_markers,3,5,tip_firmness,stroke_smoothness,v_3_5,0.0,0.0,-10.0,False
alcohol_markers,4,5,bleed_resistance,stroke_smoothness,v_4_5,0.0,29.0,-10.0,False
rabbit,1,2,life_expectancy,adult_weight,v_1_2,0.0,-44.0,0.0,False
rabbit,1,3,life_expectancy,grooming_needs,v_1_3,0.0,-44.0,-50.0,False
rabbit,1,4,life_expectancy,sociability,v_1_4,0.0,-44.0,42.0,False
rabbit,1,5,life_expectancy,activity_level,v_1_5,0.0,-44.0,0.0,False
rabbit,2,3,adult_weight,grooming_needs,v_2_3,0.0,0.0,-50.0,False
rabbit,2,4,adult_weight,sociability,v_2_4,0.0,0.0,42.0,False
rabbit,2,5,adult_weight,activity_level,v_2_5,59.0,0.0,0.0,True
rabbit,3,4,grooming_needs,sociability,v_3_4,0.0,-50.0,42.0,False
rabbit,3,5,grooming_needs,activity_level,v_3_5,0.0,-50.0,0.0,False
rabbit,4,5,sociability,activity_level,v_4_5,0.0,42.0,0.0,False
bracelet,1,2,band_width,weight,v_1_2,0.0,0.0,-36.0,False
bracelet,1,3,band_width,flexibility,v_1_3,54.0,0.0,0.0,True
bracelet,1,4,band_width,surface_shine,v_1_4,0.0,0.0,2.0,False
bracelet,1,5,band_width,clasp_strength,v_1_5,0.0,0.0,-34.0,False
bracelet,2,3,weight,flexibility,v_2_3,0.0,-36.0,0.0,False
bracelet,2,4,weight,surface_shine,v_2_4,0.0,-36.0,2.0,False
bracelet,2,5,weight,clasp_strength,v_2_5,0.0,-36.0,-34.0,False
bracelet,3,4,flexibility,surface_shine,v_3_4,0.0,0.0,2.0,False
bracelet,3,5,flexibility,clasp_strength,v_3_5,0.0,0.0,-34.0,False
bracelet,4,5,surface_shine,clasp_strength,v_4_5,0.0,2.0,-34.0,False
adapter,1,2,power_output,number_of_ports,v_1_2,0.0,0.0,16.0,False
adapter,1,3,power_output,cord_length,v_1_3,90.0,0.0,0.0,True
adapter,1,4,power_output,weight,v_1_4,0.0,0.0,0.0,False
adapter,1,5,power_output,charging_speed,v_1_5,0.0,0.0,46.0,False
adapter,2,3,number_of_ports,cord_length,v_2_3,0.0,16.0,0.0,False
adapter,2,4,number_of_ports,weight,v_2_4,0.0,16.0,0.0,False
adapter,2,5,number_of_ports,charging_speed,v_2_5,0.0,16.0,46.0,False
adapter,3,4,cord_length,weight,v_3_4,0.0,0.0,0.0,False
adapter,3,5,cord_length,charging_speed,v_3_5,0.0,0.0,46.0,False
adapter,4,5,weight,charging_speed,v_4_5,0.0,0.0,46.0,False
night_light,1,2,brightness,coverage_angle,v_1_2,0.0,24.0,0.0,False
night_light,1,3,brightness,sensor_distance,v_1_3,0.0,24.0,0.0,False
night_light,1,4,brightness,auto_shutoff_delay,v_1_4,0.0,24.0,-38.0,False
night_light,1,5,brightness,projected_area,v_1_5,0.0,24.0,50.0,False
night_light,2,3,coverage_angle,sensor_distance,v_2_3,-54.0,0.0,0.0,True
night_light,2,4,coverage_angle,auto_shutoff_delay,v_2_4,0.0,0.0,-38.0,False
night_light,2,5,coverage_angle,projected_area,v_2_5,0.0,0.0,50.0,False
night_light,3,4,sensor_distance,auto_shutoff_delay,v_3_4,0.0,0.0,-38.0,False
night_light,3,5,sensor_distance,projected_area,v_3_5,0.0,0.0,50.0,False
night_light,4,5,auto_shutoff_delay,projected_area,v_4_5,0.0,-38.0,50.0,False
travel_wallet,1,2,passport_slots,card_capacity,v_1_2,-69.0,0.0,0.0,True
travel_wallet,1,3,passport_slots,document_compartments,v_1_3,0.0,0.0,20.0,False
travel_wallet,1,4,passport_slots,water_resistance,v_1_4,0.0,0.0,-4.0,False
travel_wallet,1,5,passport_slots,thickness_when_empty,v_1_5,0.0,0.0,7.0,False
travel_wallet,2,3,card_capacity,document_compartments,v_2_3,0.0,0.0,20.0,False
travel_wallet,2,4,card_capacity,water_resistance,v_2_4,0.0,0.0,-4.0,False
travel_wallet,2,5,card_capacity,thickness_when_empty,v_2_5,0.0,0.0,7.0,False
travel_wallet,3,4,document_compartments,water_resistance,v_3_4,0.0,20.0,-4.0,False
travel_wallet,3,5,document_compartments,thickness_when_empty,v_3_5,0.0,20.0,7.0,False
travel_wallet,4,5,water_resistance,thickness_when_empty,v_4_5,0.0,-4.0,7.0,False
central_vacuum,1,2,suction_power,noise_level,v_1_2,0.0,0.0,34.0,False
central_vacuum,1,3,suction_power,dirt_capacity,v_1_3,0.0,0.0,50.0,False
central_vacuum,1,4,suction_power,hose_reach,v_1_4,0.0,0.0,-36.0,False
central_vacuum,1,5,suction_power,filtration_efficiency,v_1_5,85.0,0.0,0.0,True
central_vacuum,2,3,noise_level,dirt_capacity,v_2_3,0.0,34.0,50.0,False
central_vacuum,2,4,noise_level,hose_reach,v_2_4,0.0,34.0,-36.0,False
central_vacuum,2,5,noise_level,filtration_efficiency,v_2_5,0.0,34.0,0.0,False
central_vacuum,3,4,dirt_capacity,hose_reach,v_3_4,0.0,50.0,-36.0,False
central_vacuum,3,5,dirt_capacity,filtration_efficiency,v_3_5,0.0,50.0,0.0,False
central_vacuum,4,5,hose_reach,filtration_efficiency,v_4_5,0.0,-36.0,0.0,False
microwave_cover,1,2,diameter,vent_holes,v_1_2,0.0,-21.0,0.0,False
microwave_cover,1,3,diameter,collapse_height,v_1_3,0.0,-21.0,0.0,False
microwave_cover,1,4,diameter,heat_resistance,v_1_4,0.0,-21.0,23.0,False
microwave_cover,1,5,diameter,transparency,v_1_5,0.0,-21.0,45.0,False
microwave_cover,2,3,vent_holes,collapse_height,v_2_3,-92.0,0.0,0.0,True
microwave_cover,2,4,vent_holes,heat_resistance,v_2_4,0.0,0.0,23.0,False
microwave_cover,2,5,vent_holes,transparency,v_2_5,0.0,0.0,45.0,False
microwave_cover,3,4,collapse_height,heat_resistance,v_3_4,0.0,0.0,23.0,False
microwave_cover,3,5,collapse_height,transparency,v_3_5,0.0,0.0,45.0,False
microwave_cover,4,5,heat_resistance,transparency,v_4_5,0.0,23.0,45.0,False
porch_swing,1,2,seating_capacity,back_support_angle,v_1_2,0.0,0.0,42.0,False
porch_swing,1,3,seating_capacity,seat_depth,v_1_3,0.0,0.0,13.0,False
porch_swing,1,4,seating_capacity,chain_strength,v_1_4,0.0,0.0,-20.0,False
porch_swing,1,5,seating_capacity,weather_resistance,v_1_5,62.0,0.0,0.0,True
porch_swing,2,3,back_support_angle,seat_depth,v_2_3,0.0,42.0,13.0,False
porch_swing,2,4,back_support_angle,chain_strength,v_2_4,0.0,42.0,-20.0,False
porch_swing,2,5,back_support_angle,weather_resistance,v_2_5,0.0,42.0,0.0,False
porch_swing,3,4,seat_depth,chain_strength,v_3_4,0.0,13.0,-20.0,False
porch_swing,3,5,seat_depth,weather_resistance,v_3_5,0.0,13.0,0.0,False
porch_swing,4,5,chain_strength,weather_resistance,v_4_5,0.0,-20.0,0.0,False
stability_ball,1,2,ball_diameter,burst_resistance,v_1_2,0.0,0.0,27.0,False
stability_ball,1,3,ball_diameter,surface_grip_rating,v_1_3,0.0,0.0,44.0,False
stability_ball,1,4,ball_diameter,material_thickness,v_1_4,79.0,0.0,0.0,True
stability_ball,1,5,ball_diameter,anti_burst_rating,v_1_5,0.0,0.0,10.0,False
stability_ball,2,3,burst_resistance,surface_grip_rating,v_2_3,0.0,27.0,44.0,False
stability_ball,2,4,burst_resistance,material_thickness,v_2_4,0.0,27.0,0.0,False
stability_ball,2,5,burst_resistance,anti_burst_rating,v_2_5,0.0,27.0,10.0,False
stability_ball,3,4,surface_grip_rating,material_thickness,v_3_4,0.0,44.0,0.0,False
stability_ball,3,5,surface_grip_rating,anti_burst_rating,v_3_5,0.0,44.0,10.0,False
stability_ball,4,5,material_thickness,anti_burst_rating,v_4_5,0.0,0.0,10.0,False
ink_cartridge,1,2,ink_capacity,flow_consistency,v_1_2,0.0,4.0,0.0,False
ink_cartridge,1,3,ink_capacity,drying_time,v_1_3,0.0,4.0,-50.0,False
ink_cartridge,1,4,ink_capacity,color_saturation,v_1_4,0.0,4.0,30.0,False
ink_cartridge,1,5,ink_capacity,shelf_life,v_1_5,0.0,4.0,0.0,False
ink_cartridge,2,3,flow_consistency,drying_time,v_2_3,0.0,0.0,-50.0,False
ink_cartridge,2,4,flow_consistency,color_saturation,v_2_4,0.0,0.0,30.0,False
ink_cartridge,2,5,flow_consistency,shelf_life,v_2_5,-57.0,0.0,0.0,True
ink_cartridge,3,4,drying_time,color_saturation,v_3_4,0.0,-50.0,30.0,False
ink_cartridge,3,5,drying_time,shelf_life,v_3_5,0.0,-50.0,0.0,False
ink_cartridge,4,5,color_saturation,shelf_life,v_4_5,0.0,30.0,0.0,False
wood_glue,1,2,open_time,clamp_time,v_1_2,0.0,28.0,28.0,False
wood_glue,1,3,open_time,water_resistance,v_1_3,0.0,28.0,0.0,False
wood_glue,1,4,open_time,bond_strength,v_1_4,0.0,28.0,0.0,False
wood_glue,1,5,open_time,temperature_resistance,v_1_5,0.0,28.0,-13.0,False
wood_glue,2,3,clamp_time,water_resistance,v_2_3,0.0,28.0,0.0,False
wood_glue,2,4,clamp_time,bond_strength,v_2_4,0.0,28.0,0.0,False
wood_glue,2,5,clamp_time,temperature_resistance,v_2_5,0.0,28.0,-13.0,False
wood_glue,3,4,water_resistance,bond_strength,v_3_4,-61.0,0.0,0.0,True
wood_glue,3,5,water_resistance,temperature_resistance,v_3_5,0.0,0.0,-13.0,False
wood_glue,4,5,bond_strength,temperature_resistance,v_4_5,0.0,0.0,-13.0,False
sleep_sack,1,2,warmth_rating,length,v_1_2,0.0,-48.0,32.0,False
sleep_sack,1,3,warmth_rating,zipper_length,v_1_3,0.0,-48.0,0.0,False
sleep_sack,1,4,warmth_rating,neck_circumference,v_1_4,0.0,-48.0,0.0,False
sleep_sack,1,5,warmth_rating,fabric_weight,v_1_5,0.0,-48.0,19.0,False
sleep_sack,2,3,length,zipper_length,v_2_3,0.0,32.0,0.0,False
sleep_sack,2,4,length,neck_circumference,v_2_4,0.0,32.0,0.0,False
sleep_sack,2,5,length,fabric_weight,v_2_5,0.0,32.0,19.0,False
sleep_sack,3,4,zipper_length,neck_circumference,v_3_4,71.0,0.0,0.0,True
sleep_sack,3,5,zipper_length,fabric_weight,v_3_5,0.0,0.0,19.0,False
sleep_sack,4,5,neck_circumference,fabric_weight,v_4_5,0.0,0.0,19.0,False
mixer,1,2,motor_power,bowl_capacity,v_1_2,0.0,0.0,-34.0,False
mixer,1,3,motor_power,speed_settings,v_1_3,0.0,0.0,18.0,False
mixer,1,4,motor_power,attachment_compatibility,v_1_4,0.0,0.0,-50.0,False
mixer,1,5,motor_power,kneading_efficiency,v_1_5,78.0,0.0,0.0,True
mixer,2,3,bowl_capacity,speed_settings,v_2_3,0.0,-34.0,18.0,False
mixer,2,4,bowl_capacity,attachment_compatibility,v_2_4,0.0,-34.0,-50.0,False
mixer,2,5,bowl_capacity,kneading_efficiency,v_2_5,0.0,-34.0,0.0,False
mixer,3,4,speed_settings,attachment_compatibility,v_3_4,0.0,18.0,-50.0,False
mixer,3,5,speed_settings,kneading_efficiency,v_3_5,0.0,18.0,0.0,False
mixer,4,5,attachment_compatibility,kneading_efficiency,v_4_5,0.0,-50.0,0.0,False
dominoes,1,2,domino_size,pip_visibility,v_1_2,0.0,-18.0,-50.0,False
dominoes,1,3,domino_size,tile_weight,v_1_3,0.0,-18.0,-40.0,False
dominoes,1,4,domino_size,case_durability,v_1_4,0.0,-18.0,0.0,False
dominoes,1,5,domino_size,impact_resistance,v_1_5,0.0,-18.0,0.0,False
dominoes,2,3,pip_visibility,tile_weight,v_2_3,0.0,-50.0,-40.0,False
dominoes,2,4,pip_visibility,case_durability,v_2_4,0.0,-50.0,0.0,False
dominoes,2,5,pip_visibility,impact_resistance,v_2_5,0.0,-50.0,0.0,False
dominoes,3,4,tile_weight,case_durability,v_3_4,0.0,-40.0,0.0,False
dominoes,3,5,tile_weight,impact_resistance,v_3_5,0.0,-40.0,0.0,False
dominoes,4,5,case_durability,impact_resistance,v_4_5,63.0,0.0,0.0,True
crochet_hook,1,2,handle_length,grip_cushioning,v_1_2,0.0,0.0,-31.0,False
crochet_hook,1,3,handle_length,handle_diameter,v_1_3,-50.0,0.0,0.0,True
crochet_hook,1,4,handle_length,weight,v_1_4,0.0,0.0,-50.0,False
crochet_hook,1,5,handle_length,grip_texture_depth,v_1_5,0.0,0.0,-37.0,False
crochet_hook,2,3,grip_cushioning,handle_diameter,v_2_3,0.0,-31.0,0.0,False
crochet_hook,2,4,grip_cushioning,weight,v_2_4,0.0,-31.0,-50.0,False
crochet_hook,2,5,grip_cushioning,grip_texture_depth,v_2_5,0.0,-31.0,-37.0,False
crochet_hook,3,4,handle_diameter,weight,v_3_4,0.0,0.0,-50.0,False
crochet_hook,3,5,handle_diameter,grip_texture_depth,v_3_5,0.0,0.0,-37.0,False
crochet_hook,4,5,weight,grip_texture_depth,v_4_5,0.0,-50.0,-37.0,False
sawhorse,1,2,weight_capacity,height,v_1_2,0.0,0.0,50.0,False
sawhorse,1,3,weight_capacity,folded_thickness,v_1_3,0.0,0.0,-25.0,False
sawhorse,1,4,weight_capacity,support_beam_width,v_1_4,0.0,0.0,-16.0,False
sawhorse,1,5,weight_capacity,leg_spread_width,v_1_5,60.0,0.0,0.0,True
sawhorse,2,3,height,folded_thickness,v_2_3,0.0,50.0,-25.0,False
sawhorse,2,4,height,support_beam_width,v_2_4,0.0,50.0,-16.0,False
sawhorse,2,5,height,leg_spread_width,v_2_5,0.0,50.0,0.0,False
sawhorse,3,4,folded_thickness,support_beam_width,v_3_4,0.0,-25.0,-16.0,False
sawhorse,3,5,folded_thickness,leg_spread_width,v_3_5,0.0,-25.0,0.0,False
sawhorse,4,5,support_beam_width,leg_spread_width,v_4_5,0.0,-16.0,0.0,False
stockings,1,2,denier_thickness,stretch_factor,v_1_2,0.0,0.0,26.0,False
stockings,1,3,denier_thickness,durability_rating,v_1_3,0.0,0.0,-36.0,False
stockings,1,4,denier_thickness,compression_level,v_1_4,-86.0,0.0,0.0,True
stockings,1,5,denier_thickness,length,v_1_5,0.0,0.0,-50.0,False
stockings,2,3,stretch_factor,durability_rating,v_2_3,0.0,26.0,-36.0,False
stockings,2,4,stretch_factor,compression_level,v_2_4,0.0,26.0,0.0,False
stockings,2,5,stretch_factor,length,v_2_5,0.0,26.0,-50.0,False
stockings,3,4,durability_rating,compression_level,v_3_4,0.0,-36.0,0.0,False
stockings,3,5,durability_rating,length,v_3_5,0.0,-36.0,-50.0,False
stockings,4,5,compression_level,length,v_4_5,0.0,0.0,-50.0,False
fabric_markers,1,2,number_of_colors,tip_width,v_1_2,-83.0,0.0,0.0,True
fabric_markers,1,3,number_of_colors,color_vibrancy,v_1_3,0.0,0.0,-4.0,False
fabric_markers,1,4,number_of_colors,bleed_resistance,v_1_4,0.0,0.0,42.0,False
fabric_markers,1,5,number_of_colors,drying_time,v_1_5,0.0,0.0,50.0,False
fabric_markers,2,3,tip_width,color_vibrancy,v_2_3,0.0,0.0,-4.0,False
fabric_markers,2,4,tip_width,bleed_resistance,v_2_4,0.0,0.0,42.0,False
fabric_markers,2,5,tip_width,drying_time,v_2_5,0.0,0.0,50.0,False
fabric_markers,3,4,color_vibrancy,bleed_resistance,v_3_4,0.0,-4.0,42.0,False
fabric_markers,3,5,color_vibrancy,drying_time,v_3_5,0.0,-4.0,50.0,False
fabric_markers,4,5,bleed_resistance,drying_time,v_4_5,0.0,42.0,50.0,False
cherry_pitter,1,2,pitting_speed,splash_radius,v_1_2,90.0,0.0,0.0,True
cherry_pitter,1,3,pitting_speed,pit_accuracy,v_1_3,0.0,0.0,-25.0,False
cherry_pitter,1,4,pitting_speed,fruit_damage,v_1_4,0.0,0.0,-42.0,False
cherry_pitter,1,5,pitting_speed,cleaning_time,v_1_5,0.0,0.0,-44.0,False
cherry_pitter,2,3,splash_radius,pit_accuracy,v_2_3,0.0,0.0,-25.0,False
cherry_pitter,2,4,splash_radius,fruit_damage,v_2_4,0.0,0.0,-42.0,False
cherry_pitter,2,5,splash_radius,cleaning_time,v_2_5,0.0,0.0,-44.0,False
cherry_pitter,3,4,pit_accuracy,fruit_damage,v_3_4,0.0,-25.0,-42.0,False
cherry_pitter,3,5,pit_accuracy,cleaning_time,v_3_5,0.0,-25.0,-44.0,False
cherry_pitter,4,5,fruit_damage,cleaning_time,v_4_5,0.0,-42.0,-44.0,False
amusement_park,1,2,number_of_rides,thrill_rides,v_1_2,0.0,-50.0,0.0,False
amusement_park,1,3,number_of_rides,park_size,v_1_3,0.0,-50.0,43.0,False
amusement_park,1,4,number_of_rides,shade_coverage,v_1_4,0.0,-50.0,0.0,False
amusement_park,1,5,number_of_rides,daily_shows,v_1_5,0.0,-50.0,-7.0,False
amusement_park,2,3,thrill_rides,park_size,v_2_3,0.0,0.0,43.0,False
amusement_park,2,4,thrill_rides,shade_coverage,v_2_4,66.0,0.0,0.0,True
amusement_park,2,5,thrill_rides,daily_shows,v_2_5,0.0,0.0,-7.0,False
amusement_park,3,4,park_size,shade_coverage,v_3_4,0.0,43.0,0.0,False
amusement_park,3,5,park_size,daily_shows,v_3_5,0.0,43.0,-7.0,False
amusement_park,4,5,shade_coverage,daily_shows,v_4_5,0.0,0.0,-7.0,False
snow_brush,1,2,brush_length,scraper_width,v_1_2,0.0,16.0,0.0,False
snow_brush,1,3,brush_length,foam_grip_thickness,v_1_3,0.0,16.0,-50.0,False
snow_brush,1,4,brush_length,brush_bristle_density,v_1_4,0.0,16.0,0.0,False
snow_brush,1,5,brush_length,durability_rating,v_1_5,0.0,16.0,10.0,False
snow_brush,2,3,scraper_width,foam_grip_thickness,v_2_3,0.0,0.0,-50.0,False
snow_brush,2,4,scraper_width,brush_bristle_density,v_2_4,88.0,0.0,0.0,True
snow_brush,2,5,scraper_width,durability_rating,v_2_5,0.0,0.0,10.0,False
snow_brush,3,4,foam_grip_thickness,brush_bristle_density,v_3_4,0.0,-50.0,0.0,False
snow_brush,3,5,foam_grip_thickness,durability_rating,v_3_5,0.0,-50.0,10.0,False
snow_brush,4,5,brush_bristle_density,durability_rating,v_4_5,0.0,0.0,10.0,False
safety_pins,1,2,pin_length,spring_strength,v_1_2,0.0,21.0,14.0,False
safety_pins,1,3,pin_length,rust_resistance,v_1_3,0.0,21.0,0.0,False
safety_pins,1,4,pin_length,clasp_security,v_1_4,0.0,21.0,43.0,False
safety_pins,1,5,pin_length,bend_resistance,v_1_5,0.0,21.0,0.0,False
safety_pins,2,3,spring_strength,rust_resistance,v_2_3,0.0,14.0,0.0,False
safety_pins,2,4,spring_strength,clasp_security,v_2_4,0.0,14.0,43.0,False
safety_pins,2,5,spring_strength,bend_resistance,v_2_5,0.0,14.0,0.0,False
safety_pins,3,4,rust_resistance,clasp_security,v_3_4,0.0,0.0,43.0,False
safety_pins,3,5,rust_resistance,bend_resistance,v_3_5,-95.0,0.0,0.0,True
safety_pins,4,5,clasp_security,bend_resistance,v_4_5,0.0,43.0,0.0,False
sewing_machine,1,2,max_sewing_speed,throat_space,v_1_2,0.0,0.0,-10.0,False
sewing_machine,1,3,max_sewing_speed,number_of_stitches,v_1_3,61.0,0.0,0.0,True
sewing_machine,1,4,max_sewing_speed,noise_level,v_1_4,0.0,0.0,28.0,False
sewing_machine,1,5,max_sewing_speed,bobbin_capacity,v_1_5,0.0,0.0,32.0,False
sewing_machine,2,3,throat_space,number_of_stitches,v_2_3,0.0,-10.0,0.0,False
sewing_machine,2,4,throat_space,noise_level,v_2_4,0.0,-10.0,28.0,False
sewing_machine,2,5,throat_space,bobbin_capacity,v_2_5,0.0,-10.0,32.0,False
sewing_machine,3,4,number_of_stitches,noise_level,v_3_4,0.0,0.0,28.0,False
sewing_machine,3,5,number_of_stitches,bobbin_capacity,v_3_5,0.0,0.0,32.0,False
sewing_machine,4,5,noise_level,bobbin_capacity,v_4_5,0.0,28.0,32.0,False
pressure_cooker,1,2,capacity,max_pressure,v_1_2,-82.0,0.0,0.0,True
pressure_cooker,1,3,capacity,heat_up_time,v_1_3,0.0,0.0,44.0,False
pressure_cooker,1,4,capacity,warranty_length,v_1_4,0.0,0.0,37.0,False
pressure_cooker,1,5,capacity,weight,v_1_5,0.0,0.0,37.0,False
pressure_cooker,2,3,max_pressure,heat_up_time,v_2_3,0.0,0.0,44.0,False
pressure_cooker,2,4,max_pressure,warranty_length,v_2_4,0.0,0.0,37.0,False
pressure_cooker,2,5,max_pressure,weight,v_2_5,0.0,0.0,37.0,False
pressure_cooker,3,4,heat_up_time,warranty_length,v_3_4,0.0,44.0,37.0,False
pressure_cooker,3,5,heat_up_time,weight,v_3_5,0.0,44.0,37.0,False
pressure_cooker,4,5,warranty_length,weight,v_4_5,0.0,37.0,37.0,False
necklace_stand,1,2,display_height,number_of_hooks,v_1_2,0.0,-3.0,-14.0,False
necklace_stand,1,3,display_height,base_stability,v_1_3,0.0,-3.0,0.0,False
necklace_stand,1,4,display_height,hook_spacing,v_1_4,0.0,-3.0,0.0,False
necklace_stand,1,5,display_height,rotation_smoothness,v_1_5,0.0,-3.0,3.0,False
necklace_stand,2,3,number_of_hooks,base_stability,v_2_3,0.0,-14.0,0.0,False
necklace_stand,2,4,number_of_hooks,hook_spacing,v_2_4,0.0,-14.0,0.0,False
necklace_stand,2,5,number_of_hooks,rotation_smoothness,v_2_5,0.0,-14.0,3.0,False
necklace_stand,3,4,base_stability,hook_spacing,v_3_4,-75.0,0.0,0.0,True
necklace_stand,3,5,base_stability,rotation_smoothness,v_3_5,0.0,0.0,3.0,False
necklace_stand,4,5,hook_spacing,rotation_smoothness,v_4_5,0.0,0.0,3.0,False
soccer_ball,1,2,water_resistance,durability,v_1_2,0.0,33.0,0.0,False
soccer_ball,1,3,water_resistance,air_retention,v_1_3,0.0,33.0,0.0,False
soccer_ball,1,4,water_resistance,shape_retention,v_1_4,0.0,33.0,30.0,False
soccer_ball,1,5,water_resistance,visibility,v_1_5,0.0,33.0,-29.0,False
soccer_ball,2,3,durability,air_retention,v_2_3,55.0,0.0,0.0,True
soccer_ball,2,4,durability,shape_retention,v_2_4,0.0,0.0,30.0,False
soccer_ball,2,5,durability,visibility,v_2_5,0.0,0.0,-29.0,False
soccer_ball,3,4,air_retention,shape_retention,v_3_4,0.0,0.0,30.0,False
soccer_ball,3,5,air_retention,visibility,v_3_5,0.0,0.0,-29.0,False
soccer_ball,4,5,shape_retention,visibility,v_4_5,0.0,30.0,-29.0,False
